",",1672
the,1200
and,782
.,688
of,568
a,333
to,317
in,284
i,265
that,248
;,246
with,230
her,209
my,208
as,204
his,194
from,186
he,184
on,167
:,150
for,129
their,120
thy,117
it,113
is,109
she,96
its,95
by,89
!,87
all,86
but,83
was,81
me,80
they,75
are,67
or,64
at,63
o,62
no,61
through,59
thou,57
him,55
then,55
upon,53
had,49
p,49
where,49
not,48
one,47
eyes,44
“,44
while,41
so,41
who,41
what,39
when,39
be,39
thee,38
down,38
_,37
how,37
have,36
there,35
earth,34
round,34
—,33
would,32
see,32
more,32
an,31
yet,31
if,30
will,30
those,30
”,30
up,29
voice,29
love,29
sea,28
might,28
above,28
night,27
we,27
out,27
like,26
were,26
this,26
heart,26
till,25
now,25
white,25
feet,25
such,25
heard,25
must,25
zeus,24
deep,24
face,24
still,23
,23
great,23
sun,23
them,22
day,22
away,22
once,22
into,22
men,22
before,22
dead,22
why,22
god,21
across,21
air,21
each,21
lay,21
hair,20
nor,20
leaves,20
has,20
beneath,20
over,19
may,19
life,19
death,19
your,18
’mid,18
every,18
little,18
within,18
stream,18
made,18
sing,18
far,17
lips,17
light,17
hand,17
among,17
than,17
song,17
come,16
old,16
sweet,16
thus,16
can,16
beside,16
ﬂowers,16
toward,16
breath,16
~,16
been,16
our,16
shall,16
some,16
should,16
wind,15
gods,15
ﬁrst,15
green,15
let,15
came,15
you,15
dark,15
joy,14
never,14
king,14
own,14
loved,14
-,14
music,14
young,14
’,13
wood,13
son,13
1,13
sky,13
about,13
rock,13
knew,13
fell,13
gold,13
body,13
mortal,13
any,13
last,13
power,13
under,13
saw,13
drew,13
ﬁre,12
land,12
head,12
ocean,12
laid,12
wide,12
trees,12
which,12
below,12
hour,12
heaven,12
bird,12
youth,12
spread,12
could,12
pass,12
cry,12
set,12
spring,12
waves,12
swift,12
hear,12
side,12
us,12
sight,12
too,11
silence,11
stood,11
child,11
yea,11
breast,11
summer,11
along,11
against,11
ever,11
hath,11
man,11
roses,11
breathed,11
clear,11
world,11
am,10
rocks,10
secret,10
terror,10
turn,10
sudden,10
ﬂood,10
end,10
rose,10
high,10
passed,10
whose,10
gave,10
black,10
form,10
though,10
know,10
sought,10
thought,10
break,10
struck,10
woods,10
dew,10
lie,10
again,10
blue,10
forest,10
fresh,9
sacriﬁce,9
cyllarus,9
blood,9
other,9
full,9
dawn,9
noon,9
boy,9
fair,9
dance,9
low,9
doom,9
wings,9
hours,9
long,9
cloud,9
fear,9
comes,9
die,9
ﬁrs,9
give,9
boughs,9
wrought,9
cannot,9
ground,9
circe,9
drink,9
wine,9
cries,9
forth,9
alone,9
wild,9
darkness,8
smiles,8
stone,8
around,8
steps,8
tree,8
shade,8
close,8
athwart,8
soul,8
fall,8
held,8
swept,8
art,8
stars,8
dream,8
things,8
bring,8
sorrow,8
open,8
shadows,8
wert,8
ﬂame,8
tears,8
turned,8
golden,8
thunder,8
win,8
|,8
behind,8
waters,8
whom,8
rain,8
birds,8
pain,8
these,8
even,8
hands,7
lo,7
atys,7
worship,7
fern,7
forehead,7
mid,7
passion,7
lust,7
meet,7
save,7
afternoon,7
shore,7
rest,7
mother,7
together,7
back,7
vain,7
speed,7
ﬂesh,7
cold,7
brow,7
spell,7
sylvan,7
bed,7
pulse,7
gone,7
lost,7
smile,7
only,7
year,7
arms,7
watch,7
took,7
cool,7
trod,7
well,7
nothing,7
climb,7
very,7
mouth,7
touch,7
blaze,7
time,7
stay,7
purple,7
bosom,7
hot,6
wept,6
pale,6
hope,6
kiss,6
follow,6
',6
calm,6
tide,6
listen,6
lifted,6
ran,6
near,6
o’er,6
argo,6
l,6
motion,6
helm,6
silver,6
despair,6
grey,6
knee,6
won,6
past,6
felt,6
clouds,6
limbs,6
leap,6
mountain,6
strive,6
deer,6
oaks,6
did,6
peace,6
rolled,6
powers,6
sound,6
image,6
oh,6
age,6
sir,6
whole,6
here,6
pines,6
way,6
rays,6
moment,6
take,6
fruit,6
solitude,6
’neath,6
sailed,6
heap,6
bare,6
left,6
drear,6
presence,6
holy,6
strong,6
yield,6
years,6
keep,6
grass,6
fed,6
cast,6
moss,6
star,6
hades,6
glory,6
eagle,6
lift,6
dread,6
inmost,5
mirror,5
received,5
lies,5
dost,5
vintage,5
’tis,5
woe,5
pure,5
nile,5
sway,5
draw,5
father,5
force,5
itself,5
truth,5
grows,5
attain,5
place,5
many,5
rush,5
hollow,5
dire,5
single,5
sit,5
receives,5
small,5
doves,5
hidden,5
immortal,5
behold,5
breathe,5
palace,5
‘,5
grief,5
look,5
divine,5
tell,5
anguish,5
lord,5
span,5
strife,5
breeze,5
dear,5
beloved,5
walls,5
snow,5
none,5
strange,5
eager,5
father’s,5
terrible,5
bent,5
throne,5
stroke,5
glade,5
story,5
grapes,5
dust,5
speak,5
tomb,5
new,5
spirit,5
mass,5
god’s,5
balim,5
charm,5
creature,5
feel,5
gaze,5
deed,5
hast,5
groves,5
make,5
beauty,5
receive,5
ﬁr,5
hoary,5
moves,5
lower,5
desire,5
ah,5
queen,5
glow,5
soil,5
race,5
rises,5
between,5
crown,5
craft,5
aznac,5
after,5
caenis,5
thine,5
river,5
weary,5
moonlight,5
two,5
funeral,5
mask,5
drop,5
soon,5
yellow,5
told,5
being,5
heat,5
water,5
priestess,5
found,5
ear,5
stirred,5
valleys,5
temple,5
soft,5
vast,5
silent,5
ﬂower,5
country,5
red,5
ﬂow,5
screen,4
sunk,4
lids,4
rise,4
gems,4
sand,4
brought,4
broke,4
plain,4
beyond,4
caught,4
dumb,4
tides,4
ﬁxed,4
pine,4
woman,4
curse,4
coming,4
throat,4
loves,4
amid,4
panic,4
e,4
voices,4
misty,4
mine,4
sounds,4
ai,4
maiden,4
awakes,4
run,4
ancient,4
f,4
bear,4
sat,4
wake,4
pile,4
fate,4
abide,4
neck,4
fought,4
milk,4
vintagers,4
cleaves,4
hold,4
salt,4
shaggy,4
free,4
nursed,4
shores,4
bright,4
jason,4
ﬂed,4
memory,4
wave,4
everywhere,4
ﬁeld,4
movement,4
sleep,4
slow,4
unknown,4
wrath,4
foot,4
shards,4
unseen,4
died,4
waved,4
leaf,4
mind,4
listened,4
level,4
nay,4
another,4
foliage,4
dying,4
himself,4
cyparissus,4
space,4
hard,4
torrent,4
learn,4
winged,4
house,4
shot,4
warm,4
shoot,4
note,4
coin,4
foe,4
gathered,4
bay,4
tempest,4
living,4
streams,4
wait,4
leaps,4
mad,4
hence,4
gift,4
knows,4
sweeps,4
sable,4
tight,4
ears,4
ﬂoor,4
didst,4
mountains,4
delight,4
descend,4
weave,4
hills,4
change,4
reached,4
empress,4
noble,4
hiss,4
\,4
praise,4
0,4
raise,4
dies,4
want,4
sweep,4
olympus,4
tells,4
eye,4
shadow,4
days,4
sinks,4
evening,4
sense,4
bred,4
blow,4
awhile,4
birth,4
phlegyas,4
loneliness,4
market-place,4
gives,4
spines,4
lover,4
ease,4
ask,4
shining,4
cones,4
moan,4
clean,4
kisses,4
rage,4
?,4
harp,4
glass,4
bound,4
caeneus,4
centaurs,4
autumn,4
drawn,4
dry,4
sent,4
softness,4
tangled,4
choice,4
seen,4
apart,4
sod,4
wreathed,3
foam,3
splashed,3
rude,3
glitter,3
show,3
dolphins,3
sure,3
sigh,3
mortals,3
2,3
strikes,3
circles,3
slumber,3
hang,3
cruel,3
couldst,3
slept,3
glows,3
wandered,3
slay,3
awful,3
virgin,3
breathing,3
right,3
called,3
feasts,3
garland,3
lying,3
words,3
plant,3
gay,3
shun,3
frost,3
honey,3
lip,3
sees,3
covert,3
rare,3
cheek,3
threatening,3
shine,3
’s,3
evermore,3
visit,3
dart,3
start,3
feathers,3
rent,3
moments,3
seek,3
whiteness,3
chaos,3
august,3
raised,3
teeth,3
edge,3
washed,3
billows,3
drift,3
brain,3
altar,3
goal,3
roof,3
hung,3
.__,3
ﬁght,3
since,3
sword,3
ago,3
shriek,3
south,3
prayed,3
straight,3
spare,3
yearn,3
catch,3
language,3
pall,3
ﬁlls,3
rolls,3
ﬂocks,3
woke,3
ceased,3
roots,3
brooding,3
wreath,3
ﬂy,3
sings,3
moaned,3
hate,3
ﬁshes,3
ofy,3
lilies,3
sceptre,3
__,3
sank,3
wondrous,3
height,3
turns,3
fellowship,3
charon,3
stand,3
ht,3
sunset,3
clings,3
forms,3
draws,3
stirs,3
godhead,3
empty,3
otter,3
brown,3
feed,3
wonder,3
scattered,3
beast,3
led,3
until,3
bone,3
friends,3
stretched,3
watched,3
falling,3
bold,3
most,3
thrust,3
drank,3
orpheus,3
strength,3
born,3
kept,3
silenus,3
quaffed,3
weeds,3
dusk,3
ships,3
pause,3
dense,3
aim,3
ritual,3
met,3
cried,3
looks,3
draught,3
ﬁll,3
aloud,3
wound,3
went,3
burthen,3
solemn,3
oft,3
sign,3
bays,3
vvith,3
toil,3
done,3
stands,3
lose,3
io,3
bull,3
ice,3
service,3
pyre,3
impious,3
swell,3
drown,3
slopes,3
comfort,3
hill,3
ruled,3
forget,3
word,3
haze,3
threw,3
roll,3
ﬂies,3
eve,3
pulses,3
startled,3
ban,3
thrown,3
themselves,3
laugh,3
sweetness,3
boy’s,3
seeking,3
ashes,3
dim,3
underneath,3
turf,3
feasters,3
yon,3
goat,3
anger,3
shut,3
smiled,3
vision,3
dreary,3
wing,3
s,3
spear,3
conquered,3
ripples,3
drops,3
empire,3
mighty,3
gulfs,3
wet,3
hush,3
heavenly,3
spot,3
proteus,3
courage,3
watches,3
ages,3
whelmed,3
kingdom,3
fallen,3
hide,3
lone,3
chorus,3
part,3
jewels,3
beating,3
forlorn,3
slain,3
6,3
canst,3
tortured,3
shower,3
reach,3
depths,3
lighted,3
thrilled,3
strove,3
burst,3
moved,3
herself,3
shades,3
deeds,3
without,3
ﬁerce,3
sang,3
press,3
oﬂ,3
sacred,3
creatures,3
grasp,3
further,3
ﬁelds,3
slave,3
lifts,3
cheeks,3
unfathomed,3
stare,3
vessel,3
tier,3
bowed,3
bride,3
jagged,3
having,3
faces,3
pride,3
careless,3
loose,3
makes,3
._,3
breaking,3
ﬂash,3
discovered,3
notes,3
7,3
offered,3
strike,3
looked,3
echo,3
do,3
shake,3
double,3
dreams,3
breathes,3
climbed,3
women,3
prayer,3
sport,3
spoke,3
ﬂight,3
owned,3
brine,3
something,3
substance,3
closed,3
fury,3
couch,3
murmur,3
sealed,3
ﬂooded,3
confer,3
dreaming,3
caves,3
need,3
hall,3
longer,3
move,3
dazzled,3
woodland,3
tresses,3
tender,3
weeps,3
water-rats,3
forgot,2
immortally,2
waiting,2
ﬂashes,2
fastnesses,2
hylae,2
fearful,2
tone,2
range,2
pasture,2
robe,2
claimed,2
glaucus,2
constellations,2
guests,2
vettius,2
prevailing,2
ang,2
heads,2
fails,2
beasts,2
labour,2
shakes,2
iii,2
throned,2
king’s,2
(,2
dreamt,2
man’s,2
mid-noon,2
lapiths,2
striking,2
compelled,2
misery,2
barren,2
lived,2
shadowed,2
glad,2
element,2
ere,2
aside,2
oak-leaves,2
brilliant,2
triumph,2
leaping,2
darted,2
furled,2
pant,2
slowly,2
laws,2
ambition,2
meed,2
begins,2
goad,2
offence,2
seaward,2
sped,2
mesh,2
sky’s,2
fumes,2
ridge,2
breed,2
bears,2
seeks,2
hopes,2
paused,2
beats,2
heed,2
sodden,2
mere,2
lives,2
marvellous,2
shalt,2
pray,2
borne,2
branches,2
cates,2
earliest,2
speeding,2
centaur,2
ﬂoating,2
elate,2
war,2
bough,2
constant,2
name,2
oak-grove,2
tremulous,2
palm,2
suﬂier,2
choosing,2
north,2
grove,2
people,2
pelam,2
scales,2
crimson,2
twice,2
shadowy,2
oar,2
drain,2
papi,2
bends,2
mirth,2
rim,2
earth—,2
divide,2
covers,2
reeks,2
front,2
haste,2
cave,2
chime,2
home,2
brink,2
port,2
sin,2
woman’s,2
goddess,2
sore,2
waken,2
drum,2
island,2
sunshine,2
events,2
paths,2
build,2
remembered,2
rich,2
given,2
murdered,2
shallows,2
tragic,2
overwhelm,2
pinnacles,2
go,2
laughing,2
blinded,2
parted,2
blazing,2
.|,2
think,2
harsh,2
polished,2
lofty,2
offering,2
banished,2
ﬂames,2
apple-bough,2
resplendent,2
ﬂecked,2
welcome,2
bunch,2
drooping,2
sighs,2
delphi,2
capture,2
started,2
peirithous,2
unless,2
swim,2
prophet,2
bow,2
sighing,2
deeps,2
volume,2
locks,2
stranger,2
centre,2
night’s,2
hipponoe,2
stretch,2
cell,2
presses,2
bade,2
stop,2
mines,2
gentle,2
cloak,2
faded,2
swoon,2
loveliness,2
feast,2
banishment,2
sylvanus,2
breezes,2
vines,2
knelt,2
ﬂourish,2
sundered,2
starry,2
crowned,2
pushed,2
wilderness,2
split,2
gigantic,2
ﬂock,2
clinging,2
charms,2
west,2
off,2
swagging,2
growing,2
human,2
spiny,2
quick,2
shrieks,2
pleasure,2
smothered,2
ﬁsh,2
banks,2
mark,2
wheels,2
vapours,2
fathoms,2
mourning,2
wandering,2
kings,2
tilted,2
seated,2
wand,2
central,2
path,2
slant,2
wheeling,2
shadow’s,2
fame,2
rustling,2
justice,2
hungry,2
fringe,2
valid,2
daybreak,2
bees,2
hood,2
shift,2
rooﬂess,2
eurytus,2
ﬂashed,2
messenger,2
ﬁlled,2
roused,2
centaur-girl,2
anthem,2
taught,2
bird’s,2
blank,2
argonauts,2
conﬁdence,2
poise,2
lotuses,2
veils,2
roar,2
ii,2
blind,2
rock-pool,2
herd,2
noise,2
host,2
ﬁngers,2
reeds,2
desolate,2
seemed,2
colour,2
tufts,2
excess,2
response,2
bitter,2
sunny,2
),2
wrong,2
daylight,2
conqueror,2
restless,2
glowing,2
dove,2
rule,2
tall,2
compass,2
runs,2
topmost,2
magic,2
aware,2
worlds,2
wreak,2
moon,2
plunge,2
accents,2
lets,2
ate,2
does,2
hollows,2
drove,2
sunlight,2
shoulders,2
nitocris,2
overhead,2
forests,2
crest,2
prophecy,2
patience,2
beat,2
tumult,2
rang,2
ebb,2
rural,2
butterﬂies,2
radiance,2
wonders,2
battle,2
planks,2
voyage,2
slanted,2
cliﬂ,2
cherished,2
least,2
three,2
morning,2
clutch,2
sorrows,2
needs,2
ﬁshers,2
lonely,2
frown,2
sirens,2
sparkle,2
chews,2
listening,2
revel,2
leapt,2
live,2
trellises,2
boon,2
cracks,2
visions,2
lutes,2
tremble,2
pebbles,2
vigour,2
inviolate,2
watching,2
metals,2
prey,2
sabres,2
glide,2
step,2
beams,2
adventure,2
showers,2
repose,2
bids,2
troop,2
claim,2
rejoice,2
core,2
hosts,2
grace,2
quiet,2
bride’s,2
seized,2
backward,2
vow,2
compare,2
care,2
accept,2
h,2
rivulets,2
cephalus,2
ride,2
token,2
poured,2
prison,2
sheer,2
languor,2
bows,2
sources,2
less,2
souls,2
airs,2
future,2
yonder,2
inspiration,2
noontide,2
evil,2
ominous,2
brightness,2
.~,2
doubt,2
weak,2
q,2
appal,2
viper,2
heal,2
choose,2
budded,2
swam,2
tenderness,2
cunning,2
motions,2
descent,2
lightning-stroke,2
withheld,2
quarrel,2
girl,2
urgent,2
singing,2
da,2
skirts,2
chequer,2
lover’s,2
watchers,2
disclose,2
burning,2
bliss,2
heave,2
nursery,2
trail,2
happiness,2
stress,2
streak,2
shrine,2
carriage,2
thirsty,2
increased,2
omnipotence,2
lowered,2
iv,2
oak-trees,2
ﬂing,2
boyhood,2
holes,2
health,2
shame,2
swerve,2
drinks,2
dare,2
ruby,2
vessels,2
crew,2
join,2
lovely,2
whitest,2
multitude,2
beam,2
showed,2
evoe,2
sink,2
plunging,2
braved,2
gleam,2
lays,2
upward,2
loosening,2
hoods,2
hunger,2
wearied,2
divined,2
eros,2
shone,2
equal,2
amain,2
bidden,2
bore,2
indeed,2
yore,2
fears,2
mystic,2
precipice,2
moss-chilled,2
velvet,2
surf,2
dome,2
waist,2
lore,2
torn,2
towers,2
noises,2
swing,2
realm,2
threatened,2
fawn,2
cyclops,2
faithless,2
fast,2
whistling,2
victim’s,2
treason,2
turning,2
startling,2
eat,2
herb,2
gulf,2
hawk,2
balim’s,2
impart,2
steep,2
gurgle,2
ﬂashing,2
silius,2
powerless,2
speech,2
ferryman,2
chamber,2
apple-ﬂower,2
laughter,2
haunt,2
drive,2
frenzied,2
sprung,2
asclepius,2
potent,2
sunken,2
teach,2
arm,2
wreathing,2
summit,2
vaults,2
constraint,2
thanks,2
tent,2
bridegroom’s,2
freedom,2
listens,2
cling,2
play,2
seems,2
53,2
men’s,2
shown,2
craves,2
crabs,2
lure,2
call,2
aloft,2
palace-gardens,2
vats,2
strings,2
crowd,2
nostrils,2
suddenly,2
wonderful,2
bleed,2
mystery,2
neptune,2
wisdom,2
view,2
morn,2
coil,2
stealthy,2
shines,2
valley,2
followed,2
ﬂoated,2
law,2
arrow,2
looming,2
almost,2
fountain,2
quest,2
visiting,2
abysses,2
hunters,2
poor,2
spectral,2
ruddy,2
fire,2
scarabs,2
clusters,2
ﬁrm,2
happier,2
snake-like,2
understood,2
seething,2
troops,2
rapture,2
buds,2
coldness,2
stealth,2
dearth,2
web,2
nests,2
amorous,2
voiceless,2
sublime,2
impulse,2
beheld,2
lurk,2
whence,2
seem,2
vineyards,2
stygian,2
...,2
became,2
thousands,2
antiochus,2
mercy,2
hell,2
shrieked,2
ﬁ'om,2
nigh,2
sap,2
veil,2
afar,2
snaps,2
ye,2
smoke,2
shapes,2
heaven’s,2
following,2
intent,2
pluck,2
fount,2
fantastic,2
answer,2
victims,2
gardens,2
trance,2
yesterday,2
falls,2
emerald,2
known,2
haircloth,2
9,2
used,2
breaks,2
appetite,2
mist,2
childhood,2
tremendous,2
depth,2
nilus,2
children,2
ﬁnd,2
limb,2
love’s,2
frame,2
frenzy,2
pursue,2
watchful,2
chance,2
hers,2
prevalence,2
thence,2
poppy,2
guard,2
piled,2
tread,2
lullaby,2
severed,2
shape,2
garlands,2
both,2
zest,2
worth,2
recompense,2
glittering,2
disc,2
wealth,2
noblest,2
harvest,2
smart,2
grew,2
fork,2
lightning,2
room,2
mound,2
fond,2
brazen,2
bloom,2
dwell,2
fulﬁl,2
simple,2
pursuit,2
able,2
apollo’s,2
hunted,2
laughed,2
avenger,1
sea-slime,1
“ah,1
whining,1
martial,1
hum,1
sea-shine,1
sombre,1
phocian,1
preciousness,1
jewel-mound,1
loathed,1
wood-sage,1
nod,1
.’,1
river-trout,1
44,1
forest’s,1
birth-star,1
apollo,1
weltering,1
phantasy,1
bewitch,1
basalt,1
carries,1
whether,1
goldsmith,1
distracting,1
pledges,1
beguiler,1
clod,1
shard,1
echoing,1
greed,1
entrails,1
grape-must,1
sheen,1
levin,1
windless,1
refreshed,1
whistled,1
laboured,1
strain,1
day’s,1
vi,1
musing,1
linger,1
'—,1
delicate,1
chat,1
wheat-cake,1
patient,1
legs,1
reﬂected,1
ﬂakes,1
torrent’s,1
blue-eyed,1
plunge—no,1
zone,1
grieves,1
well-spring,1
canopies,1
punishment,1
embroidered,1
foe’s,1
inﬁnite,1
inundation,1
acclaiming,1
bitterly,1
rears,1
jaw,1
thrills,1
lip-ridges,1
regrets,1
camp,1
fastened,1
returning,1
wrist,1
poises,1
oceanides,1
stream’s,1
poppy-seed,1
weariness,1
sitants,1
impatient,1
lightning-truss,1
urged,1
wafted,1
wallowings,1
palms,1
gentlenesses,1
hatreds,1
impends,1
possessing,1
impregning,1
35,1
j3,1
girt,1
surging,1
pierce,1
sedge,1
pagan,1
8o,1
wast,1
ﬂeet,1
insects,1
wedded,1
engorge,1
mixed,1
dian,1
begs,1
waving,1
fathomless,1
sandy,1
boatman,1
revelry,1
ant,1
rose-hung,1
37,1
brackish,1
vale,1
tarrying,1
heavens,1
torches,1
blessing,1
illuded,1
raves,1
pampered,1
tighter,1
plats,1
dawned,1
hourless,1
spawn,1
strands,1
bridegroom,1
impatience,1
journey,1
spheres,1
tarnished,1
mﬂictions,1
stole,1
grass-—,1
covetous,1
clamour-king,1
.l-.-.,1
discs,1
ﬁbres,1
merrymaking,1
dreadful,1
ash,1
wherefore,1
circled,1
throng,1
spruce-ﬁrs,1
wantonly,1
hybla,1
beak,1
isolation,1
instead,1
lmmovable,1
benights,1
carry,1
poppy-ﬂowers,1
intact,1
lair,1
june,1
mingle,1
whelm,1
dancer’s,1
streaming,1
fondly,1
glorious,1
freely,1
dower,1
castles,1
life-blood’s,1
bursting,1
bones,1
earthliness,1
seven,1
variable,1
fatal,1
ribbons,1
mgis,1
shed,1
swirl,1
show—,1
adieu—,1
elements,1
triumphed,1
cottage-smoke,1
deeper,1
majesty,1
tithonus,1
petal-piled,1
forgets,1
frilled,1
complete,1
feed—-earth,1
sheaf,1
twowhole,1
pleading,1
snows,1
box-groves,1
chains,1
pine-branches,1
safe,1
victim,1
cradled,1
harrowed,1
panic-folly,1
river-current’s,1
car,1
believing,1
convocated,1
stir,1
32,1
greatly,1
bevy,1
rested,1
ligea,1
volcano,1
smell,1
ﬁst,1
tang,1
hawthorn-hedge,1
wave-taught,1
heaved,1
dancers,1
spokes,1
venus,1
wore,1
'....,1
gripped,1
cumbering,1
youths,1
crystal—came,1
lightly,1
abysmally,1
constellation,1
itched,1
58,1
responded,1
castle-walls,1
although,1
wretched,1
unvalued,1
earthquake,1
keener,1
charmed,1
obeisance,1
seared,1
circumstance,1
harps,1
launch,1
heavily,1
phantom’s,1
fly,1
shifted,1
traitor,1
pour,1
unstayed,1
looking,1
stray,1
heeds,1
profusion,1
91,1
behold-—a,1
worthless,1
easy,1
imperturbable,1
ache,1
lasting,1
torture,1
splashes,1
egypt’s,1
mud,1
taking,1
solitudes,1
harbour,1
heaves,1
deserts,1
ﬂees,1
hug,1
cleft,1
irised,1
i4,1
inﬂuence,1
rudest,1
argent,1
swaying,1
nestling,1
skins,1
jasmine-ﬂower,1
broke—,1
96,1
toiled,1
lustihood,1
hair-braids,1
drop.as,1
swinging,1
fume,1
v,1
gathers,1
87,1
98,1
distance,1
mistook,1
ease—the,1
apples,1
forsakes,1
pleasure’s,1
boys,1
melting,1
ﬂap,1
ﬁghting,1
garlic-tainted,1
quietucle,1
saves,1
abject,1
_~-*'~,1
ﬂying,1
howled,1
loading,1
doughty,1
doff,1
unresponsive,1
impetus,1
rapine,1
unfurled,1
furs,1
glassy,1
armed,1
drearness,1
plainly,1
city-towers,1
arbour,1
cybele’s,1
sleeps,1
absent,1
chaplet-vine,1
45,1
licked,1
laurel-tree,1
loins,1
dizziness,1
age-long,1
damp,1
mountain-glens,1
muﬁied,1
fragment,1
bend,1
92,1
hylae’s,1
women’s,1
custom,1
me—ﬁlled,1
purpled,1
unforbidden,1
dark-stained,1
bodies,1
surpassed,1
daughter,1
inculpable,1
twirl,1
holds,1
_..,1
pleasant,1
ocean’s,1
announce,1
knoll,1
furious,1
sad,1
captive,1
brave,1
ankles,1
publish,1
prophecies,1
booms,1
invade,1
crevice,1
starrier,1
supine,1
desperate,1
sunbeam,1
eel,1
trembles,1
crates,1
-<<—,1
unwound,1
ruinous,1
gorgeous,1
confess,1
broidered,1
unchecked,1
ﬁsher,1
praised,1
hummed,1
substances,1
amalthea,1
tremor,1
1.3,1
chosen,1
bid,1
ﬁlial,1
understand,1
therefore,1
erubescent,1
deeply,1
idleness,1
bares,1
57,1
thanksgiving,1
brighter,1
grave-clothes,1
turbid,1
>‘.,1
headlong,1
cranny,1
faun,1
rainbow,1
grit,1
116,1
star-sparks,1
maidenhood,1
track,1
exacts,1
pulp,1
castle,1
knot,1
hesitating,1
'9,1
ﬂowering,1
fever,1
tasted,1
city,1
sea-ribbons,1
deadly,1
propose,1
3i,1
bower,1
clothing,1
thwarting,1
fancy,1
rout,1
breaths,1
sons,1
avid,1
o’ertaken,1
rock-edged,1
nurtured,1
ear’s,1
diadems,1
often,1
maidens,1
sorely,1
unwelcome,1
mysterious,1
touched,1
awaken,1
absorbed,1
constrain,1
darkening,1
alive,1
lovable,1
bereaves,1
deities,1
head-dress,1
manhood’s,1
privacy,1
ﬂicker,1
dam,1
means,1
distinct,1
inconversible,1
wing-beat,1
half-punched,1
vivid,1
antioch,1
hill-brows,1
sylvan—and,1
mounded,1
memnonides,1
holly-branch,1
poppy-leaf,1
subject,1
murmurs,1
re-pearl,1
shooting,1
veer,1
aye,1
rowed,1
pitiless,1
pannier,1
lark-glint,1
fostered,1
notch,1
offer,1
joyous,1
mimulus,1
iimpart,1
san,1
ravishers,1
28,1
coat,1
glamour,1
l~_,1
styx,1
castle’s,1
gazes,1
girls,1
grasped,1
dionysus,1
frost-edges,1
assuage,1
propitiation,1
stretches,1
fast-running,1
spring-ﬂower’s,1
radice,1
pauses,1
door,1
voicing,1
expire,1
ravish,1
tripods,1
wanton,1
alleys,1
buckler,1
sobbing,1
jays,1
soul-stricken,1
laurel,1
gentleness,1
fast-tethered,1
mortal’s,1
frfom,1
wheel,1
roof-tree,1
crete,1
impassioned,1
serenity,1
immortality,1
best,1
peers,1
lifting,1
more—himself,1
de,1
heaving,1
4’,1
covered,1
clods,1
grains,1
placid,1
sheaved,1
40,1
ﬂeeting,1
impotent,1
remained,1
lnitiatory,1
l._iﬂ.._...,1
bannered,1
bistre,1
sail-bare,1
brush,1
declivities—of,1
wail,1
ivy-hooded,1
waftage,1
trojans,1
forward,1
.l_,1
thirst,1
invokes,1
because,1
entrenched,1
broken,1
i21,1
scorching,1
sovereign,1
village-altars,1
twists,1
sacriﬁcial,1
numb—,1
rules,1
writhing,1
mid-day,1
ﬁnger,1
female,1
wife,1
roars,1
walk,1
power’s,1
departing,1
pilgrim,1
aﬂluent,1
preying,1
thick,1
dew-drenched,1
wakened,1
avouches,1
escape,1
portentous,1
existence,1
hapless,1
shares,1
kissed,1
brims,1
harping,1
cliff,1
sea-weed,1
assault,1
tops,1
giants—they,1
portion,1
deﬁant,1
boat—the,1
troy,1
shore-—,1
galahad,1
nears,1
angry,1
emperor,1
bindeth,1
ooze,1
mirth-distraction,1
unchallenged,1
rose-chaplet,1
frozen,1
outspread,1
waterfall,1
banners,1
seeing,1
fellow,1
overawed,1
unthwarted,1
cover,1
seas,1
highland,1
throughout,1
graves,1
tripod-fumes,1
instants,1
..-1».-_-..~..._._--._.,1
red-lipped,1
facade,1
school,1
chaste,1
chests,1
springtides,1
overshades,1
delphicus,1
screened,1
vanished,1
loads,1
forest-home,1
wildas,1
madly,1
image—ah,1
become,1
cushioned,1
102,1
countenance,1
grain,1
smite,1
mountain-gods,1
cavern-air,1
.—,1
also,1
portent,1
ghosts,1
course,1
temptation,1
answered,1
thunder-bolts,1
monarchs,1
glacier,1
sheltered,1
drenched,1
unguarded,1
recoils,1
ostia—she,1
carcanet,1
dances,1
nods,1
ﬂattered,1
parthenope,1
spent,1
victor-cries,1
harbour-shelf,1
coveted,1
hting,1
boom,1
lions,1
stony,1
rome,1
vague,1
hurries,1
dis—that,1
miserable,1
.¢_...__,1
smothering,1
forgotten,1
bud,1
pleased,1
hesperides,1
chariot-wheels,1
gem,1
sends,1
crush,1
lad,1
bemoans,1
shrub,1
plastic,1
nightly,1
vine-stems,1
ended,1
prime,1
waited,1
warrior,1
strewn,1
afoot,1
nereus,1
aegis,1
shatter,1
sureness,1
errand,1
merriment,1
bacchants,1
dumbly,1
leucosia,1
hero’s,1
fateful,1
immutably,1
tones,1
eagle-wings,1
faith,1
wellnigh,1
short,1
wan,1
buyer’s,1
marble,1
steadfast,1
coasting,1
’midgshouts,1
shrinking,1
miracle,1
realms,1
bewildering,1
sailor,1
hardly,1
wills,1
swooned,1
hats,1
unpeopled,1
ﬁr-knolls,1
mother’s,1
66,1
sicilian,1
f.~u..=,1
forgiveness,1
continuous,1
andﬂever,1
shoals,1
oak-tree’s,1
legend—,1
steely,1
47,1
fades,1
oxen,1
corms,1
bases,1
counsel,1
obliterating,1
longius,1
38,1
spares,1
nereus—each,1
camps,1
acorn-sod,1
imprisoning,1
beaming,1
ruthless,1
plunder,1
specks,1
goes,1
vapour’s,1
reluctantly,1
longed,1
serried,1
removes,1
petalling,1
trotted,1
charge,1
steeds,1
.i.,1
mw”,1
famed,1
wave-tips,1
broods,1
immortal-—on,1
ﬁnger-prints,1
ﬁr-woods,1
tempests,1
cloakless,1
alley,1
white-spread,1
plucked,1
rock-roses,1
comb,1
triumphant,1
discovers,1
driving,1
womb,1
compliance,1
witnesses—her,1
dividing,1
embattled,1
ace,1
net,1
ichor-ﬂame,1
%,1
shaken,1
“you,1
direct,1
her—with,1
*7,1
stream-ﬂowers,1
weapons,1
pith,1
snowy,1
loomed,1
feels,1
irresolute,1
leaf-hung,1
emperor’s,1
measure,1
hill-sides,1
anthedon’s,1
haunted,1
loving,1
cease,1
question,1
delivered,1
land—but,1
}etna,1
sun-glow,1
36,1
vanishing,1
buoyant,1
suspension,1
embrace,1
deem,1
curving,1
clatter,1
bacchanals,1
risest,1
auriculas,1
added,1
discountenance,1
paw,1
procris,1
triumphing,1
ﬂamed,1
pledge,1
104,1
zagreus,1
es,1
legend,1
aegira,1
speckled,1
97,1
festoonings,1
holly,1
".._""_q-r",1
pavement,1
mid-bole,1
fade,1
mould,1
impenetrable,1
snake,1
gazer,1
resound,1
wizardry,1
cloth,1
dereliction,1
ferens,1
hymns,1
put,1
earthly,1
ode,1
stills,1
glanced,1
closes,1
lts,1
unmirroring,1
beach-side,1
blown,1
‘their,1
vicissitude,1
hall‘-enskied,1
madhouse,1
swish,1
danger,1
fascinates,1
seal,1
channels,1
block,1
wakes,1
river’s,1
openly,1
doting,1
sea-gust,1
filling,1
huge,1
dale,1
keepsakes,1
bolt,1
dews,1
repels,1
willing,1
deli,1
appeased,1
ample-throated,1
pinnacle,1
crossed,1
shout,1
dragon-ﬂy’s,1
solemnness,1
magniﬁcence,1
94,1
squills,1
warms,1
winds,1
cursed,1
treading,1
beguiles,1
girds,1
others,1
nether,1
pluto’s,1
discontent,1
lucid,1
reserve,1
draught-net,1
wondering,1
reefs,1
satyrs,1
laurel-wreath,1
hoof,1
thawing,1
kindled,1
intimation,1
darkling,1
worships,1
ﬁre-ﬁlled,1
spume,1
pangs,1
clearly,1
magniﬁcent,1
push,1
conquer,1
ofa,1
ﬂuting,1
crack,1
silks,1
¥—-_,1
capacities,1
clasp,1
omen,1
noiseless,1
eagle-eyed,1
"1‘yne,pres§|",1
solemnity,1
wavered,1
!-—it,1
greyness,1
rivers,1
deemed,1
grand,1
steeping,1
vital,1
5,1
asunder,1
sharp,1
cheered,1
prince,1
laborious,1
leafage,1
placidity,1
nest,1
circaeum,1
dis,1
vat,1
obol,1
true,1
ageless,1
festival,1
topple,1
shore’s,1
sable-green,1
pressing,1
paramour,1
crisis,1
shells,1
withdrew,1
ﬂat,1
unheard—,1
listeners,1
cinder—desolation,1
ship,1
bushy,1
unhoused,1
deﬁle,1
upper,1
mounting,1
tracklessness,1
118,1
ends,1
scope,1
round-scooped,1
galleys,1
sun-spots,1
liberal,1
strawberry,1
late,1
trojan,1
money,1
to-day,1
well-wrought,1
contained,1
heart-felt,1
dulled,1
dodona’s,1
"ballan""",1
solitary,1
lures,1
humble,1
stones,1
whistle,1
spectres,1
stems,1
grape,1
asked,1
bladder-weed,1
facest,1
lead,1
eunuch,1
proudly,1
sepulchres,1
poison,1
wax,1
dismal,1
crouched,1
sunbeam’s,1
piercing,1
betrayed,1
stock,1
tombs,1
mirrors,1
claw,1
aspect,1
huddled,1
light_ﬁngered,1
no-wise,1
children—she,1
poles,1
ﬂaw,1
grant,1
nevermore,1
seer,1
smote,1
bars,1
soles,1
!—crannies,1
boar,1
bacchanal,1
gesture,1
chastity,1
faced,1
increases,1
sober,1
ascending,1
devoted,1
rests,1
treat,1
intentness,1
infamous,1
pearls,1
*—~,1
riddle,1
terribly,1
stranded,1
birch-twigs,1
drab,1
witching,1
limitless,1
rend,1
fright,1
drowning,1
alas,1
17,1
knit,1
softest,1
thundered,1
guilt,1
sibilant,1
licks,1
.~—,1
spoken,1
guarded,1
unwearied,1
nubian,1
primroses,1
hilly,1
beguiling,1
porpoise,1
7-3,1
murmurings,1
lack,1
shook,1
transport,1
stately,1
surgent,1
achilles,1
alteration,1
armour,1
dolphin-tails,1
symbol,1
sea-shells,1
street,1
quelled,1
profundis,1
gavest,1
berried,1
p|,1
a--l...,1
echoed,1
laurel-branch,1
lizard,1
enormous,1
curve,1
luxury,1
slant—head,1
oaths,1
actual,1
drained,1
bringing,1
shadow-fall,1
yearningly,1
making,1
tho’,1
thin,1
weakness,1
creep.,1
petition,1
chased,1
entice,1
stiﬂed,1
nestled,1
comrades,1
greater,1
prosperous,1
timorous,1
strand,1
shrunk,1
gliding,1
sense-bereft,1
hippodamia’s,1
74,1
motionless,1
whisper,1
spots,1
nurse,1
ravines,1
troublous,1
whitened,1
climbing,1
owns,1
thrones,1
evoke,1
assured,1
netted,1
nymphs,1
greenness,1
satyr-watchman,1
dens,1
ascension,1
ardent,1
prophets,1
statue,1
next,1
engaged,1
witch,1
plumes—a,1
diamond-blink,1
corse,1
root,1
84,1
unpunished,1
arcadian,1
fane,1
lest,1
deiﬁed,1
torch,1
99,1
moth,1
mysteries,1
jests,1
swirls,1
crocodile,1
weep,1
stab,1
histories,1
coverts,1
evoked,1
cybele,1
mcurner,1
aweless,1
awakened,1
remorseless,1
untuned,1
strays,1
"aﬁ""ri",1
thither,1
shaded,1
welling,1
helm—-and,1
tune,1
saluting,1
branded,1
‘a,1
ponderings,1
crackled,1
trailed,1
phcnbus,1
bubbled,1
command,1
jag,1
halcyons,1
feathery,1
bowery,1
.._,1
water-way,1
boldness,1
mottled,1
goat-haired,1
tangling,1
sheep-skin,1
surface,1
breathe—-but,1
tilth,1
lads,1
guardian,1
stripes,1
mdrtli,1
rhododendron’s,1
waxed,1
swayed,1
19|,1
alarmed,1
sanctuary,1
sleepers,1
pine-trunks,1
altars,1
“thy,1
kingly,1
concert,1
maid’s,1
necklaces,1
divinest,1
oil,1
luscious,1
rooms,1
yell,1
pierced,1
sunshine’s,1
ﬂowing,1
ungloriﬁed,1
scan,1
unites,1
plumes,1
shadow-spines,1
reeled,1
hea,1
gorge,1
prove,1
protecting,1
blows,1
":""",1
sun-down,1
dreamers,1
christ,1
enter,1
precious,1
beholding,1
timber,1
wrathful,1
forfget-me-nots,1
bud-head,1
serfdom,1
subterranean,1
pool,1
attempt,1
parents,1
origin,1
sinner,1
boat-side,1
plants,1
bat,1
sacks,1
r4,1
sea’s,1
wise,1
—~,1
sky-high,1
seeker,1
weighed,1
creep,1
attained,1
knowledge,1
breeds,1
taffeta,1
necks,1
summits,1
gather,1
lofty-builded,1
imprecation,1
crash,1
fangs,1
shudderings,1
shrine—from,1
reaching,1
dun,1
drawest,1
fixed,1
clung,1
cloyed,1
ﬁlling,1
perilous,1
arrows,1
savage,1
island’s,1
tranquillized,1
le,1
revive,1
swift—-that,1
fountain-gurgles,1
cadences,1
everything,1
heroes,1
golden-tressed,1
heave-apart,1
cresses,1
reconciled,1
sea-nymphs,1
sullenness,1
clue,1
vigilance,1
bitten,1
sides,1
serve,1
shrill,1
victors,1
ledge,1
auguries,1
disaster,1
panther-skin,1
rollest,1
surfeit,1
bark,1
pains,1
olive-boles,1
lily,1
obscure,1
seals,1
muﬂied,1
perchance,1
ripeness,1
stunted,1
grown,1
decline,1
emblem,1
crowds,1
peacock-feathers,1
shady,1
marvel,1
ﬂoors,1
.on,1
washers,1
altar-stones,1
aﬂiance,1
juice,1
enemies,1
winding,1
genethliacs,1
depart,1
fain,1
new—mated,1
ﬂew,1
glidingly,1
broidery-covered,1
resolved,1
ripe,1
shuddered,1
checked,1
woufd,1
perfect,1
nature’s,1
.-..,1
sister,1
unchanged,1
ruin,1
bill,1
omens,1
spouting,1
sanctitude,1
sea-beach,1
rose-bud,1
cupressif,1
‘/,1
parnassus,1
glisten,1
tired,1
unmuﬂled,1
stripped,1
reluctant,1
tenderest,1
spotted,1
myrtle,1
sobs,1
glimpse,1
refresh,1
stays,1
ﬂute,1
abhorrent,1
remorselessly,1
§,1
adverse—woe,1
faint,1
killed,1
themes,1
maw,1
gleams,1
bladder-weeds,1
feasting,1
pertly,1
sun-ripples,1
boxwood,1
guise,1
becomes,1
fervour,1
clouded,1
izo,1
meadows,1
crave,1
tendrils,1
unfamiliar,1
dallying,1
indignation,1
faintness,1
stammel,1
spear-ray,1
serpent’s,1
asia,1
untrue,1
......,1
supernal,1
boorish,1
surge,1
fugitive,1
crossings,1
_temple,1
chill,1
powerful,1
burns,1
resume,1
thaws,1
hint,1
crease,1
love-path,1
nutted,1
gaze/,1
generous,1
possible,1
embalms,1
cymbal-clashes,1
teneram,1
greets,1
masts,1
tempered,1
crests,1
drought,1
chafe,1
oarsman,1
tabor,1
lion,1
joys,1
balm,1
arose,1
cautious,1
vanish,1
taken,1
rocky,1
praises,1
downfall,1
primal,1
pirithous,1
114,1
triumph—for,1
chief,1
prevails,1
new-tuned,1
’gainst,1
softl,1
ruddied,1
appealing,1
orgies,1
wheat,1
availed,1
trodden,1
mufﬁing,1
unconfuted,1
sloth,1
coursers,1
liest,1
challenge,1
germs,1
shelf,1
unassailable,1
arthur,1
..—‘~,1
sails,1
softly,1
wished,1
oak,1
jar,1
grape-juice,1
heated,1
instantly,1
leans,1
wood-depths,1
lain,1
enhanced,1
tranquillity,1
aimed,1
manhood,1
.with,1
creation,1
stalk,1
muse,1
sceptred,1
dxmon,1
relief,1
rape,1
penetrate,1
theseus,1
cheese,1
deluded,1
triumphantly,1
flew,1
reed,1
ringed,1
fierce,1
mankind,1
drag,1
24,1
scarce,1
animals,1
fixes,1
midnight-sable,1
furrowed,1
exquisite,1
bread,1
buoyancy,1
untroubled,1
nysa’s,1
vowed,1
dawns,1
aramathy,1
alarm,1
rock-crystal,1
burnished,1
r,1
ﬂutes,1
point,1
strai,1
twilight,1
sparkles,1
betide,1
",uit",1
lights,1
green-leaved,1
reveals,1
swallows,1
cedar,1
warmth,1
saved,1
lambency,1
petals,1
calls,1
suffers,1
piteous,1
yearning,1
clumps,1
starlit,1
hateful,1
plotted,1
blossom-leaves,1
midnight,1
lawlessly,1
restriction,1
murder,1
nemesis,1
pathway,1
meekly,1
painfulness,1
glose,1
13,1
plenitude,1
whirr,1
divination,1
sward,1
a-wandering,1
swished,1
j.__-_.l,1
roof-beams,1
ﬁr-seed,1
rumpled,1
sortie,1
lemnos,1
quarries,1
fortunes,1
intercession,1
propitious,1
sea-maidens,1
enabled,1
apprehend,1
stuff,1
melt,1
unconcern,1
downhill,1
pools,1
stark,1
bond,1
cornlands,1
entered,1
mourns,1
tore,1
edging,1
brutish,1
action,1
forest-mould,1
smokes,1
ocean-waves,1
sanctify,1
59,1
fainting,1
recesses,1
garment-like,1
bellies,1
”_,1
maddest,1
night-birds,1
brass,1
steeds-—and,1
bowls,1
crathis,1
sleeping,1
travel,1
er,1
voiced,1
~n|i,1
maid,1
73,1
follows,1
slides,1
springs,1
thunder-blasted,1
ceaselessly,1
touches,1
rivalled,1
mountainous,1
silently,1
dominance,1
seethed,1
pricks,1
unawares,1
[i9,1
wander,1
fashioned,1
baﬂied,1
began,1
dithyrambs,1
oaken,1
eddies,1
breathless,1
smooth,1
potency,1
too—,1
parched,1
orbs,1
terriﬁed,1
twain,1
rm,1
reels,1
escarpment,1
murk,1
reign,1
guards,1
blaeberry,1
seasoned,1
glen,1
doth,1
emergent,1
heart-beats,1
maiden’s,1
weight,1
sucked,1
18,1
orb,1
ariadne,1
abreast,1
intrepid,1
mocking,1
milky,1
aﬂoat,1
shouldst,1
entreaty,1
narrow,1
dales,1
drums,1
half-drown,1
declining,1
threads,1
surrendered,1
chained,1
thinly,1
ropes,1
revelation,1
cooes,1
roved,1
85,1
surprise,1
darksome,1
scrub,1
curious,1
stretching,1
unsteadfast,1
panic-dread,1
meaning,1
smi,1
vanquished,1
infant,1
th,1
woes,1
cares,1
ﬂi,1
sail,1
wherever,1
road,1
scarlet,1
cradle-sheet,1
approach,1
fanning,1
blots,1
horizon’s,1
l0ver’s,1
ain,1
fans,1
speeds,1
rhodes,1
sunlit,1
tumbling,1
doing,1
:‘1,1
other’s,1
whirl,1
pit,1
welcomes,1
driven,1
surges,1
enwraps,1
frantic,1
bowers,1
co-equal,1
105,1
bridges,1
bracest,1
towns,1
there—oh,1
court,1
attempted,1
ﬁrmament,1
necessity,1
half-god,1
lull,1
sleek,1
bell,1
vine-leaves,1
54,1
waste,1
twang,1
ﬂambeaux,1
cloudy,1
nimbly,1
tireless,1
await,1
passionate,1
shouts,1
slender,1
love-lost,1
toucheifl,1
gaiety,1
branch,1
whither,1
sur.c.lity,1
fondness,1
star—such,1
serpent,1
circling,1
matter,1
unveil,1
parsley-green,1
beach,1
streamers,1
wove,1
knees,1
>,1
plunged,1
ﬂ,1
appeal,1
vengeance,1
pinions,1
baskets,1
ﬂotsam,1
lov’st,1
ﬁlberts,1
adieu,1
q7,1
withered,1
centurions,1
bestow,1
marriage-feast,1
lobster,1
smeared,1
19,1
summit’s,1
subservient,1
‘w-*1,1
illumes,1
spend,1
dashes,1
aromatic,1
pearl,1
whispering,1
becalmed,1
bodeful,1
aright,1
riven,1
arouse,1
womenfolk,1
butter,1
stogp,1
mad-rent,1
rugs,1
77,1
108,1
mirroring,1
brother,1
vocal,1
ferns,1
poop,1
footfall,1
drowned,1
—~-~,1
points,1
rhythm,1
hera’s,1
same,1
holocaust,1
boat,1
ranges,1
open-eyed,1
untold,1
olden,1
ivy-staves,1
.-iii,1
;—what,1
26,1
dove’s,1
joseph,1
impatiently,1
perfumes,1
unstartlgd,1
~i,1
chiming,1
precedence,1
swiftly,1
bastions,1
petitioning,1
lantine,1
dally,1
beguile,1
robber,1
convinced,1
naiades,1
__..a,1
15,1
curveting,1
returned,1
corporeal,1
vainp,1
slung,1
enlarged,1
planned,1
stony-massive,1
judgment,1
spark,1
sphinx,1
scowl,1
ghost—not,1
western,1
4-9,1
lapith,1
various,1
incensed,1
starting,1
enjoyed,1
athlete’s,1
tide-borne,1
rushes,1
furnaces,1
<,1
fearing,1
harbour-bar,1
sea-gods,1
hides,1
shingle,1
listenese,1
52,1
immolated,1
languish,1
.~n—,1
¢,1
pearl-smile’s,1
woo,1
keeps,1
unaccepted,1
issuing,1
scufﬂe,1
shared,1
castle-chapel,1
eterne,1
folds,1
weedy,1
heavy-dead,1
sappy,1
eats,1
abhorred,1
ever-baﬂled,1
lines,1
river-reeds,1
ﬁr-pricks,1
b,1
news,1
shunning,1
glaze,1
dawn-ﬁeckered,1
frowned,1
tardily,1
slaughtered,1
dropping,1
_.,1
howl,1
defeat,1
top,1
whiter-shadowed,1
ribbon-ﬂuttered,1
surely,1
''~,1
hushing,1
billow’s,1
absorb,1
stronger,1
blindly,1
freshness,1
sever,1
hiding,1
clothes,1
thoughts,1
feasted,1
forges,1
",..",1
16,1
reap,1
thunder-rain,1
slope,1
dimple,1
ﬁx,1
tomb’s,1
approached,1
staggered,1
remote,1
spring-tide,1
keels,1
record,1
yearned,1
hippodamia-—ah,1
erect,1
tingle,1
fall—,1
~’--,1
remit,1
forsook,1
-~,1
ﬂeetness,1
stiff,1
eloquence,1
misgivings,1
jet,1
pressure,1
elated,1
ceases,1
gait,1
reel,1
parchment,1
offended,1
warm-screened,1
heart’s,1
ghost,1
binds,1
rash,1
clutched,1
profaneness,1
fatality,1
toe,1
basking,1
starving,1
heavy,1
passers-by,1
woe-struck,1
shelves,1
61,1
constancy,1
enchanted,1
jeer,1
shrines,1
buskin’d,1
ineﬁably,1
reareth,1
acquaints,1
hoisted,1
chilling,1
gums—,1
sepulchre,1
refuge,1
masqueraders,1
",strange",1
midnoon,1
anointed,1
adamantine,1
sits,1
daughter’s,1
lambs,1
bracing,1
blazon,1
lakes,1
suppliant,1
mettle,1
"_.m3""",1
reptile’s,1
oracular,1
attests,1
ioo,1
sea-god,1
blues,1
adjacent,1
onward,1
cupressum,1
boulder,1
spouted,1
ﬂout,1
score,1
ivory,1
drowth,1
forbidden,1
3,1
say,1
__-_--qc.==,1
sprang,1
overlap,1
foam-bubbles,1
steel,1
d_»,1
see--,1
l»,1
doomed,1
%lt,1
formed,1
ﬂower-lost,1
threshold,1
meridian,1
117,1
acclaims,1
_..;-.__...;-_,1
undevious,1
shelter,1
wreaking,1
78,1
veneration,1
fondle,1
dugs,1
brisk,1
's,1
shy,1
scarcely-woven,1
cradle,1
hive,1
genial,1
spoil,1
enshrine,1
beatiﬁed,1
dissevering,1
interception,1
passage,1
ii5,1
scorn,1
delphica,1
arts,1
creeping,1
|70,1
assumed,1
god-like,1
earliest-moving,1
onnot,1
ladders,1
second,1
signs,1
seat,1
rayed,1
blessed,1
pattering,1
oracles,1
dozen,1
gazing,1
airy,1
spell-bound,1
shell-like,1
shyness,1
festoon,1
descended,1
unshattered,1
steersman,1
ostia,1
approve,1
delicious,1
reply,1
unzoned,1
pluto,1
unique,1
volant,1
mournful,1
candour,1
steadily,1
fainted,1
loose-piled,1
sting,1
~-r_,1
foemen’s,1
mellows,1
doors,1
cooling,1
mistake,1
poppies,1
devious,1
sirenusae,1
doubling,1
30,1
fro,1
quicken,1
moonstone,1
deity,1
chase,1
vassals,1
strained,1
_§,1
coils,1
unintermittent,1
hauling,1
gums,1
owner’s,1
67,1
murdering,1
iolchus,1
braids,1
fairy,1
desolately,1
port—yea,1
ﬂﬁiling,1
halts,1
hiving,1
amighty,1
ignite,1
burnt,1
rending,1
vein,1
gold-cloth,1
monotony,1
simply,1
redden,1
stain,1
55,1
scylla,1
leafy,1
nibbling,1
turbulent,1
pet,1
throbs,1
loath,1
smoothed,1
....,1
umbrage,1
bathed,1
azure-netted,1
witness,1
honey-ﬁlled,1
rilling,1
thalassa,1
tressed,1
shouldered,1
turrets,1
keeping,1
ﬁtting,1
4,1
of‘fi',1
56,1
issue,1
immemorial,1
glow-worms,1
39,1
storm,1
hadst,1
constant-hued,1
whereof,1
life-blood,1
22,1
oath,1
moulded,1
unremembering,1
motes,1
hymning,1
83,1
commingled,1
semele,1
lightning’s,1
dazzle,1
cows,1
weapon,1
drooped,1
straw,1
assailing,1
stranger’s,1
"oﬂ""ended",1
delaying,1
heights,1
washes,1
89,1
hurls,1
sweeping,1
blindfold,1
proclaim,1
effetei09,1
prophetic,1
4|2,1
immovably,1
fit,1
sailor-throng,1
gleamed,1
eyeing,1
tuns,1
salubrity,1
soliciting,1
seeds,1
message,1
ken,1
gilded,1
olive—wood,1
et,1
funereal,1
spells,1
changed—a,1
unblenching,1
ﬂushing,1
dout,1
longing,1
prepollence,1
quiver,1
congregated,1
ﬁrmer,1
phantom,1
solace,1
thyme,1
fructify--the,1
bake,1
undone,1
giant,1
retreats,1
aslant,1
ocean-isle,1
pleasures,1
leech,1
bathe,1
__~.-.-,1
uncloses,1
younger,1
unavailing,1
mercury,1
freshet’s,1
glades,1
else,1
dreaded,1
pelam’s,1
control,1
squirrel-threaded,1
ocean-maids,1
t,1
loud,1
cavernous,1
confounded,1
breadth,1
]etna’s,1
ﬁery,1
solid,1
sapless,1
wedding-feast,1
sapphire,1
lapses,1
dearly,1
skin,1
c,1
grieving,1
fgaithful,1
-—,1
promised,1
”—every,1
first-fruit,1
clowns,1
scoop,1
drowns,1
twig,1
endured,1
converse,1
triton,1
surrounded,1
memnon,1
trace,1
eastward,1
buried,1
joint,1
jump,1
groan,1
secret—far,1
dressed,1
concourse,1
climber’s,1
disclosure,1
chanced,1
loitering,1
trunk,1
dalliance,1
hippodamia,1
bond-maid,1
.~_,1
jets,1
rain-cloud—sing,1
i2,1
spasm-waves,1
husband’s,1
discouraging,1
vainly,1
severity,1
divinity,1
“*\\._.._,1
thing,1
interchange,1
sun-rays,1
enchased,1
cleansing,1
overrunning,1
detest,1
[o,1
spouse,1
woodpecker,1
fatigue,1
isle,1
noon’s,1
darken,1
axe,1
conquest,1
current,1
spikes,1
refused—then,1
planted,1
eleutherios,1
riches,1
wear,1
'~,1
startles,1
downward,1
forefathers,1
restlessly,1
clasps,1
treasure,1
qualfed,1
currents,1
badges,1
gales,1
swelling,1
rival’s,1
sovereignty,1
augury,1
ivy,1
sparks,1
recess,1
healing,1
sea-plain,1
dribbles,1
'$,1
giant-like,1
fellows,1
convulse,1
lava-stone,1
chariot,1
90,1
ﬂows,1
gathering,1
just,1
travelled,1
half-fed,1
board,1
ripes,1
cheer,1
imagined,1
branching,1
vessel’s,1
deﬁles,1
leopard,1
garment,1
“ye,1
overhanging,1
unwithstood,1
monarchy,1
scumming,1
roamed,1
compact,1
honest,1
frond,1
indelible,1
crept,1
infancy,1
68,1
pods,1
hastening,1
mariners,1
building,1
sympathies,1
awe,1
prized,1
deliver,1
portal,1
greenwood’s,1
opens,1
lire,1
impartial,1
maze,1
infatuation,1
hits,1
thriven,1
diffuse,1
spiral,1
struggling,1
team,1
mountain-land,1
thwarted,1
turret-tree,1
danced,1
storax,1
wound-proof,1
babe,1
sequestered,1
fgrest,1
morns,1
titan,1
wrongs,1
rejected,1
fountains,1
droplets,1
godlike,1
meal,1
frank,1
striven,1
ﬂiers,1
globe,1
remembers,1
test,1
blossoms,1
harvest-sickle,1
“land,1
ahead,1
blame,1
scarcely,1
all-powerful,1
blueness,1
foes,1
alluring,1
goat-hoofs,1
forbids,1
pressed,1
table,1
95,1
alle,1
brands,1
whorls,1
diffusive,1
nerve,1
gaol,1
sorrowed,1
void,1
merciless,1
quagmire’s,1
beautiful,1
wielded,1
hound-guarded,1
welter,1
hallowed,1
sylvane,1
graal,1
fulness,1
castanets,1
shoulder,1
conquered—all,1
unlit,1
billow-crest,1
idalian,1
46,1
half-sodden,1
'—.t~—,1
coolness,1
mountain-path,1
drains,1
song—those,1
asleep,1
lenient,1
falter,1
platform,1
bunches,1
array,1
clearness,1
conquering,1
circle,1
cleanness,1
brilliance,1
hotly,1
den,1
foldings,1
built,1
prick,1
fragrant,1
riverside,1
hoar,1
lengths,1
soft-greeting,1
curled,1
faithfulness,1
torchlit,1
pipes,1
.—~w,1
uplands,1
triumphs,1
tartarus,1
lush,1
spilt,1
joined,1
merrily,1
weeping,1
madness,1
folly,1
tangles,1
prayers,1
myster,1
tables,1
attic,1
tripped,1
sun’s,1
marriage,1
husbandmen,1
sky-touched,1
rejoiced,1
o’erbrimmed,1
gaping,1
oblation,1
ceiling,1
garden,1
impassively,1
clanged,1
drugged,1
lapse,1
enrolled,1
ruthlessly,1
gird,1
wrapped,1
rear,1
own—it,1
rooty,1
changing,1
spavined,1
hurl,1
already,1
quaked,1
unending,1
submissive,1
battle-heat,1
famous,1
traversed,1
tipped,1
stoop,1
shielded,1
ll,1
comforting,1
obliterate,1
sovereign-goddess,1
sating,1
rose-tender,1
mare’s,1
spurns,1
messalina,1
masks,1
lightningstrokes,1
!—his,1
banish,1
kneels,1
creature’s,1
ever-more,1
wanted,1
amaze,1
simmer,1
lovers,1
g,1
october,1
gladness,1
stale,1
obdurate,1
tree-tops,1
plot,1
stalwart,1
measured,1
observers,1
blood-stain,1
spears,1
purpose,1
soars,1
pace,1
magnitude,1
coy,1
rime,1
begun,1
shield,1
running,1
uprooted,1
ﬂute-like,1
71,1
scope—,1
12,1
i06,1
wave-wetted,1
disfeature,1
ﬁr-spines,1
roam,1
poppy-seeds,1
content,1
~t,1
shep”,1
humiliate,1
lime,1
43,1
wide-ﬂowing,1
uncloven,1
height—as,1
gluttonous,1
sullen,1
crowsfeet,1
rarely,1
coast,1
wavering,1
intractable,1
landing-stone,1
strif,1
direful,1
wilt,1
alack,1
tide-tracks,1
plaint,1
dust-clouds,1
closest,1
cliﬂi,1
jewel,1
toyings,1
thrill,1
82,1
amassed,1
empress-harlot,1
ocean-ooze,1
ﬁnds,1
visage,1
morning-times,1
vanity,1
panoply,1
bourn,1
88,1
aggressive,1
cooings,1
haunts,1
rapacious,1
early,1
combat,1
remains,1
fearless,1
star-spotted,1
excessive,1
manifold,1
desperation,1
lapithean,1
proud,1
ebb-tide,1
engulf,1
stable,1
lethargy,1
nature,1
rims,1
seed,1
ruler,1
dashed,1
castle-halls,1
songs,1
bowering,1
straying,1
glutted,1
shroud,1
music-loving,1
uneasy,1
starts,1
fratricidal,1
courts,1
dispossess,1
checks,1
"‘~n?m,at",1
masker,1
leaven,1
panoply—as,1
dreamed,1
confession,1
vigil,1
leads,1
gradual,1
plan,1
beamless,1
scenting,1
sea-birds,1
p”,1
april,1
honour,1
car—it,1
stupor,1
flashing,1
_]ason’s,1
caenis-bird,1
smarting,1
dress,1
strident,1
steeply,1
wounded,1
billow,1
chestnut,1
empowers,1
tales,1
gloom,1
village,1
hither,1
sinned,1
entombed,1
lawns,1
laments,1
79,1
ﬁorth,1
debar,1
gravity,1
attacking,1
coiling,1
canopy,1
twin-throned,1
wain,1
grassless,1
thump,1
slush,1
shoots,1
heritage,1
ﬁne,1
raven,1
thessalian,1
continence,1
hunter’s,1
maternal,1
lustrousness,1
orion,1
creaks,1
crushed,1
93,1
downs,1
bareness,1
georg,1
valley-earth,1
phrase,1
refreshing,1
loneliest,1
act,1
6o,1
hell-hound,1
coral-reefs,1
temple’s,1
london,1
layest,1
white-robed,1
ﬂanks,1
blanched,1
nurture,1
tissue,1
coral-beaded,1
begin,1
advent,1
avowed,1
bubbles,1
gracious,1
bold-spirited,1
midmost,1
unspurning,1
headlands,1
treads,1
",q",1
earth’s,1
due,1
trimness,1
box,1
gates,1
attains,1
glides,1
wave’s,1
valiant,1
cress-bed,1
starred,1
wing-stroke,1
/_-.,1
snake-heads,1
ﬂares,1
chaplet,1
moment—hunger,1
countryfolk,1
thebes,1
lilted,1
trireme,1
81,1
grow,1
halt,1
piles,1
cliffs,1
appear,1
hairy,1
in_,1
wood-ﬂowers,1
savoured,1
food,1
candlestick,1
shaft,1
lament,1
ﬁr-tree,1
wooed,1
forgo,1
masses,1
athletes,1
cities,1
duty,1
faithful,1
endless,1
prow,1
coo,1
nipping,1
gain,1
graunch,1
unessayed,1
sky-ribbed,1
tracks,1
pastures,1
looses,1
ﬁnal,1
delayed,1
4.1,1
ﬂuent,1
dejected,1
headed,1
kill,1
abiding-place,1
hails,1
blight,1
103,1
duration,1
tawny,1
syllables,1
arid,1
shoreward,1
descending,1
churning,1
riﬂed,1
elder,1
dark-cradled,1
gnashing,1
impassionate,1
churl,1
sparrow-hawk,1
grasses,1
multitudinous,1
remember,1
singled,1
meadow-nurtured,1
balmed,1
chases,1
passions,1
ﬂecking,1
72,1
giver,1
dwells,1
carried,1
yellow-ﬂeckered,1
bosomed,1
exultantly,1
86,1
sunder,1
numbers,1
leisure,1
balance,1
honied,1
treasury,1
pinion,1
menaces,1
bleeds,1
snow-white,1
superhuman,1
race-currents,1
long-forsaken,1
cup,1
",..—",1
garnished,1
wharfe,1
~—,1
sunnily,1
d,1
poppy-bud,1
lilvmila,1
drachmas—,1
rife,1
ﬁts,1
sea-spray,1
ﬁckle,1
inveterately,1
favour,1
fine,1
ﬁr-boughs,1
coronis,1
helpless,1
sky-azure,1
balim—all,1
fret,1
coasts,1
seaweeds,1
crocodiles,1
splendour,1
'-—-,1
rose-crowned,1
created,1
attacked,1
zt..__,1
burned,1
wrinkles,1
placed,1
waking,1
shivering,1
arise,1
altered,1
sung,1
alien,1
mood,1
morning-star,1
backs,1
thralled,1
channel,1
adored,1
34-,1
wholesome,1
dark—shading,1
unshaken,1
pictured,1
takes,1
wealthy,1
assurance,1
ﬂed—how,1
tribune,1
hurled,1
changeful,1
gold-smiling,1
nest—how,1
going,1
ponder,1
50,1
48,1
ablaze,1
u,1
revenge,1
orchards,1
....._.~-.-,1
traverse,1
75,1
diadem,1
....<.—_,1
alcove,1
grailings,1
ruth,1
stalactite,1
conquest—you,1
haul,1
pursued,1
dimmed,1
dearly-loved,1
ﬁre-shooting,1
subdued,1
crannies,1
farewell,1
spiky,1
land-clouds,1
climbs,1
cress-bank,1
brief,1
indolence,1
20,1
fold,1
7-~,1
grot,1
molten,1
peacock’s,1
unable,1
epiphanes,1
chose,1
spreads,1
cress,1
feeding,1
grass-plots,1
