",",1237
the,661
and,380
.,378
to,280
;,249
of,237
i,195
in,164
's,150
my,146
a,134
her,133
with,129
thy,128
thou,120
!,108
is,107
as,105
that,101
for,93
:,92
he,91
not,89
',89
me,85
she,83
from,82
,70
his,68
love,64
on,63
they,61
thee,60
?,52
when,50
o,49
their,47
no,46
at,41
who,40
then,38
heart,38
—,37
it,36
will,35
so,35
must,34
'st,33
all,31
can,30
hy,29
through,28
or,28
golden,28
him,27
were,27
we,26
more,25
are,25
would,25
come,25
sweet,25
if,24
but,24
there,23
ye,23
one,23
should,22
was,22
life,21
nor,21
its,20
joy,20
sappho,19
what,19
-,19
an,19
men,18
pain,18
ah,18
where,18
have,18
breast,18
spring,18
free,18
bright,18
feel,18
how,17
let,17
doth,17
apollo,17
us,17
thine,17
yet,17
now,17
bring,16
dost,16
delight,16
though,16
lips,16
aphrodite,16
still,16
once,16
had,16
soft,16
shall,16
gone,16
hast,16
give,16
like,16
eyes,16
comes,16
youth,15
bow,15
see,15
set,15
art,15
poet,15
those,15
death,15
why,15
while,15
hear,15
night,15
lyre,14
has,14
did,14
could,14
this,14
loved,14
breath,13
ab,13
praise,13
such,13
hand,13
passion,13
which,13
never,13
again,13
dumb,13
round,13
child,13
lovely,13
heard,12
song,12
about,12
make,12
air,12
long,12
them,12
young,12
within,12
grace,12
queen,12
own,12
mortal,12
great,12
may,12
gold,12
alone,12
our,12
die,12
know,12
'er,12
than,12
bliss,12
....,11
...,11
sing,11
away,11
each,11
down,11
divine,11
full,11
grow,11
till,11
fair,11
heen,11
woman,11
sigh,11
am,11
upon,10
white,10
virgin,10
above,10
bridegroom,10
lover,10
dear,10
zeus,10
oh,10
out,10
deep,10
rose,10
si,10
maidenhood,10
by,10
these,10
your,10
man,10
take,10
day,10
dead,10
forth,10
light,10
sun,10
phaon,10
seek,9
vain,9
moon,9
pale,9
tomb,9
bosom,9
maiden,9
flowers,9
thus,9
brings,9
makes,9
things,9
win,9
other,9
adonis,9
across,9
wild,9
hath,9
care,9
grew,9
heauty,9
very,9
sound,9
turns,9
face,9
cold,9
heavenly,8
might,8
shell,8
bride,8
friends,8
dark,8
hack,8
stood,8
side,8
whom,8
hymen,8
strong,8
w,8
nought,8
do,8
mind,8
head,8
v,8
be,8
voice,8
learn,8
clear,8
little,8
soon,8
),8
years,7
came,7
drew,7
niohe,7
sang,7
earth,7
watch,7
too,7
part,7
fall,7
leaves,7
god,7
garlands,7
tears,7
form,7
desire,7
women,7
hours,7
happy,7
fond,7
weary,7
into,7
sleep,7
eros,7
pass,7
you,7
cry,7
/,7
tis,7
hades,7
lay,7
time,7
strain,7
tender,7
feet,7
wings,7
cannot,7
music,7
wherefore,7
rejoice,7
honour,7
girl,7
gorgo,7
kiss,6
reach,6
well,6
until,6
kal,6
leave,6
throne,6
crowd,6
atthis,6
secret,6
fell,6
land,6
daughter,6
hide,6
sight,6
grass,6
hut,6
tbou,6
heat,6
note,6
roses,6
grows,6
bless,6
arms,6
even,6
dread,6
blissful,6
boy,6
lie,6
bold,6
graces,6
muses,6
live,6
rest,6
pleasure,6
knew,6
bloom,6
grove,6
spell,6
crown,6
up,6
made,6
hail,6
think,6
cypris,6
ground,6
nay,6
days,6
sacred,6
just,6
lovers,6
ever,6
turned,6
heneath,6
old,6
creature,6
woe,6
thing,6
first,6
around,6
ob,6
any,6
verse,6
tread,5
yea,5
smiles,5
pride,5
find,5
alas,5
hands,5
silver,5
n,5
son,5
leto,5
limbs,5
dream,5
dim,5
along,5
spread,5
pine,5
plaited,5
smile,5
cling,5
ca,5
fate,5
heloved,5
trees,5
senses,5
fill,5
meet,5
against,5
ne,5
worship,5
'neath,5
honey,5
muse,5
near,5
glad,5
goddess,5
apart,5
king,5
age,5
voices,5
call,5
gracious,5
turn,5
hair,5
wert,5
immortal,5
put,5
thought,5
thrill,5
lays,5
maids,5
friend,5
ill,5
gave,5
wrong,5
speech,5
change,5
strings,5
mortals,5
loves,5
stream,5
brought,5
ease,5
hour,5
0,5
forget,5
hed,5
drop,5
dwell,5
refuse,5
word,5
keep,5
looked,5
laughter,5
found,5
every,5
power,5
gods,5
fragrant,4
mute,4
although,4
evening,4
delicate,4
leap,4
fiery,4
experience,4
sign,4
wave,4
stray,4
hefore,4
mad,4
ago,4
sprang,4
lies,4
yearn,4
draw,4
scarcely,4
tbracian,4
trembling,4
curse,4
some,4
soul,4
ear,4
darkness,4
bast,4
vi,4
knee,4
guide,4
faint,4
nine,4
vocal,4
tree,4
shine,4
lord,4
last,4
cave,4
sail,4
shadows,4
1,4
say,4
place,4
passionate,4
knows,4
lift,4
pure,4
loveliness,4
lifted,4
glow,4
],4
wine,4
summer,4
fierce,4
said,4
'mid,4
dare,4
>,4
piercing,4
memory,4
grief,4
kept,4
purple,4
fail,4
hent,4
thaon,4
cool,4
mighty,4
heaven,4
mystery,4
hither,4
dreams,4
cup,4
halmy,4
cries,4
rare,4
watched,4
slow,4
oft,4
living,4
recall,4
sea,4
stay,4
hate,4
fear,4
require,4
proud,4
wrath,4
rapture,4
waters,4
shore,4
flitting,4
together,4
buds,4
mnasidica,4
torches,4
forlorn,4
without,4
virgins,4
seemed,4
truth,4
gifts,4
wilt,4
refrain,4
holy,4
breathe,4
glorious,4
tbe,4
show,4
stars,4
weep,4
finds,4
yellow,4
snakes,3
seats,3
ring,3
cheek,3
shade,3
shone,3
trace,3
toil,3
much,3
body,3
stand,3
noble,3
hill,3
dica,3
water,3
dance,3
returns,3
foolish,3
simple,3
sped,3
cyprus,3
fresh,3
hesperus,3
hid,3
course,3
flung,3
anguish,3
saw,3
ti,3
steeds,3
rise,3
felt,3
gentle,3
strive,3
shape,3
*,3
daughters,3
brow,3
fingers,3
fie,3
bum,3
grave,3
to-day,3
godhead,3
staff,3
stirred,3
blessed,3
subtle,3
moan,3
stir,3
guise,3
softly,3
forgettest,3
sting,3
way,3
leshian,3
ways,3
doom,3
human,3
orb,3
passes,3
sky,3
swans,3
less,3
immortals,3
burnest,3
welcome,3
flower,3
d,3
fisher,3
steal,3
drank,3
feels,3
lost,3
scent,3
coy,3
blue,3
footsteps,3
therefore,3
name,3
fatal,3
languorous,3
darling,3
dire,3
heavy,3
joys,3
memorial,3
listen,3
hees,3
pour,3
lingering,3
glance,3
boon,3
flashing,3
aside,3
assuage,3
mid,3
sails,3
secure,3
end,3
spirit,3
oar,3
warm,3
waves,3
two,3
nigh,3
self,3
heside,3
fame,3
high,3
sunshine,3
bay,3
hard,3
tby,3
pleiades,3
taught,3
fires,3
yip,3
haunts,3
triumphant,3
feed,3
heach,3
world,3
goes,3
audacious,3
lethe,3
strange,3
quivering,3
veiled,3
blest,3
cherishing,3
figure,3
desires,3
f,3
star,3
because,3
dust,3
laugh,3
hare,3
train,3
laid,3
seen,3
girls,3
shining,3
year,3
here,3
calm,3
shepherd,3
hen,3
elder,3
dew,3
fishers,3
lest,3
incline,3
borne,3
sink,3
erinna,3
teach,3
rings,3
raise,3
fashioned,3
sense,3
tongue,3
lands,3
b.,3
glory,3
evil,3
xxx,3
dropt,3
vase,3
crowned,3
sure,3
close,3
splendour,3
only,3
wont,3
whose,3
o'er,3
cloud,3
beneath,3
none,3
maid,3
smite,3
blame,3
woes,3
thyself,3
rage,3
hope,3
hitter-sweet,3
pang,3
parted,3
8',3
xx,3
choose,3
ber,3
among,3
break,3
gay,3
toward,3
dawn,3
work,3
boat,3
deed,3
whether,3
snowy,3
ere,3
brain,3
fool,3
eyelids,3
wide,3
door,3
fling,3
team,3
'mong,3
seem,3
slumher,3
hee,3
right,3
coil,3
glows,3
steps,3
broken,3
shadow,3
adown,2
sway,2
fire,2
hegan,2
influence,2
trembled,2
lyrical,2
hetween,2
fain,2
latmos,2
unmindful,2
brave,2
immortality,2
led,2
messenger,2
dress,2
caught,2
curve,2
persephone,2
shalt,2
iv,2
brood,2
divide,2
brief,2
twine,2
smote,2
angry,2
accomplish,2
pi,2
breeze,2
children,2
swift,2
view,2
called,2
sisters,2
perfumed,2
tiresias,2
theirs,2
moving,2
s,2
prest,2
leda,2
fade,2
north,2
midnight,2
athirst,2
sailor,2
wing,2
half,2
underneath,2
sake,2
springs,2
eyne,2
cried,2
guardian,2
flocks,2
xl,2
storm,2
hird,2
",ye",2
xv,2
kh,2
most,2
flashes,2
track,2
cushion,2
want,2
womanhood,2
lines,2
spot,2
dian,2
lo!,2
divinely,2
burn,2
transient,2
vainly,2
look,2
steep,2
prevail,2
serene,2
reveal,2
selene,2
petals,2
isle,2
shingle,2
broidery,2
remain,2
flesh,2
throat,2
sent,2
prometheus,2
thoughts,2
decline,2
sorrow,2
wonder,2
sat,2
numh,2
taunts,2
xli,2
chatted,2
far,2
gyrinna,2
mate,2
urn,2
fruit,2
careless,2
nightingale,2
peace,2
firm,2
prayer,2
elate,2
quick,2
vales,2
subjugate,2
path,2
country,2
lii,2
gives,2
swan,2
flickering,2
enchanter,2
thrilling,2
passed,2
smart,2
darts,2
unveil,2
circle,2
heseech,2
bowers,2
singer,2
april,2
given,2
over,2
reproduced,2
woke,2
share,2
complaint,2
tumultuous,2
yore,2
endure,2
boughs,2
safe,2
catch,2
afraid,2
blent,2
flows,2
altered,2
moment,2
learnt,2
style,2
back,2
glossy,2
winds,2
xiv,2
go,2
weaves,2
green,2
cruel,2
rust,2
having,2
museum,2
straight,2
maidens,2
liv,2
perish,2
serpent,2
stroke,2
tumult,2
revenge,2
nature,2
myrtle-wreath,2
plate,2
gather,2
receives,2
awe,2
oblivion,2
crag,2
xxv,2
deathless,2
kill,2
raised,2
born,2
couch,2
field,2
index,2
laughed,2
quiet,2
(,2
pierce,2
sung,2
broke,2
singing,2
tire,2
vengeful,2
shepherds,2
hecome,2
need,2
entwine,2
bounteous,2
wall,2
holds,2
blossoming,2
health,2
linen,2
lot,2
praises,2
breaks,2
pressure,2
chariot,2
lv,2
narcissi,2
lives,2
fissure,2
echoes,2
shoot,2
incorruptible,2
growth,2
guard,2
violet-weaving,2
tingling,2
t&,2
fearful,2
swoon,2
clouded,2
dying,2
swell,2
'tis,2
re,2
unfold,2
tempting,2
wreathed,2
lightsome,2
reign,2
plays,2
entreat,2
stricken,2
eclipse,2
eternal,2
off,2
zone,2
mitylene,2
gladness,2
clusters,2
done,2
merriment,2
blossom,2
red,2
unfamiliar,2
mirror,2
ri,2
senseless,2
sing—,2
tossed,2
xxi,2
luckless,2
wildly,2
under,2
mourn,2
regret,2
exultant,2
nets,2
greek,2
defeat,2
lyric,2
handmaid,2
pinions,2
supreme,2
solace,2
clasp,2
recognise,2
rocks,2
favour,2
aright,2
shades,2
orpheus,2
athwart,2
kind,2
xii,2
thick,2
madness,2
mirth,2
trails,2
wbo,2
paris,2
another,2
blaze,2
fine,2
raptures,2
hirth,2
herself,2
spent,2
ii,2
shy,2
piv,2
fluttering,2
hoy,2
anactoria,2
gurgles,2
unknown,2
effulgent,2
mould,2
being,2
nectarous,2
ghosts,2
themselves,2
appal,2
hearts,2
pulse,2
ecstasy,2
awhile,2
silent,2
presence,2
fountain,2
dart,2
storms,2
keen,2
altars,2
egg,2
hoary,2
heauteous,2
shaft,2
obscure,2
stooped,2
return,2
decay,2
river,2
dr.,2
frail,2
sought,2
plectrum,2
anew,2
distress,2
state,2
suffer,2
wheel,2
blushing,2
&,2
fades,2
earthward,2
lix,2
grown,2
iris,2
groves,2
daphne,2
idle,2
despair,2
whole,2
s',2
spires,2
strength,2
torch,2
flee,2
please,2
ben,2
virginity,2
bunch,2
glades,2
brows,2
pin,2
almost,2
speak,2
throw,2
procne,2
many,2
deftly,2
trod,2
watching,2
shoots,2
xlv,2
loveliest,2
boats,2
skill,2
inlet,2
guest,2
flicker,2
bethink,2
odour,2
myrtles,2
secluded,2
buoyant,2
command,2
wrought,2
covetous,2
perfect,2
wharton,2
endowed,2
hier,2
e,2
low,2
theme,2
stealth,2
defy,2
deigns,2
fled,2
aged,2
seems,2
rug,2
before,2
hills,2
fairest,2
hera,2
beside,2
good,2
longing,2
shut,2
gathered,2
5',2
virtue,2
youthful,2
rehearse,2
lo,2
looks,2
scorn,2
shrink,2
averred,2
cast,2
healing,2
heam,2
touch,2
tremble,2
telos,2
hues,2
mournful,2
mound,2
small,2
tbey,2
gait,2
fills,2
tattered,2
hearten,2
asks,2
range,2
xix,2
rude,2
issues,2
seas,2
griefs,2
weariness,2
hest,2
pout,2
dark-eyed,2
gift,2
sings,2
cradle,2
throng,2
rosy,2
",yea",2
race,2
gello,2
bis,2
morning,2
sudden,2
willing,2
dared,2
sees,2
between,2
fleet,2
xvi,2
lack,2
flute,2
shock,2
drink,2
li,2
sap,2
suddenly,2
bowed,2
sore,2
lose,2
strife,2
silence,2
.v,2
servant,2
$,2
girl—,2
vv,2
shame,2
ahandoned,2
flame,2
retreat,2
garland,2
answer,2
laughing,2
moonlight,2
loving,2
lydian,2
mountain,2
forgotten,2
touched,1
honouring,1
honey-pale,1
vreamless,1
shoes,1
telling,1
hki,1
grandeur,1
wake,1
vfith,1
x6.tu,1
ei&vbca,1
stealing,1
apathy,1
v[,1
irhv,1
retire,1
manhood,1
i'liant,1
dill,1
ash,1
knee—,1
livest,1
mien,1
bard,1
\,1
ocean-born,1
wine-dark,1
rememherest,1
mj>,1
suit,1
feet—away,1
crested,1
opening,1
stem,1
icrti,1
bvfios,1
rail,1
elsoi,1
ktivov,1
kaairoktw,1
woods,1
known,1
fresher,1
neya\iveo,1
injury,1
narcissus-flower,1
unobtrusive,1
bubbles,1
arm,1
wine-draught,1
ipxofw.1,1
yepairipadeep,1
<r<pi,1
ing,1
sometimes,1
i/mirq,1
.105,1
earthly,1
wind,1
devoutly,1
news,1
three,1
t»5,1
lpifiiv9oi,1
wear,1
miser,1
once—the,1
relax,1
ta,1
hoar,1
ara/cos,1
coils,1
vie,1
neck,1
linked,1
delay,1
'is,1
owned,1
genial,1
freshness,1
\&fiirpov,1
4i,1
derided,1
tereus,1
crisp,1
lyrici,1
recapture,1
ivy,1
teirvkadftivov,1
rat,1
btu,1
harbiton,1
k&fia,1
oi>,1
sand,1
finger,1
bees,1
hearer,1
tor,1
avws,1
washed,1
vain-,1
.ir,1
u<ra,1
dipped,1
bearing,1
apple,1
highest,1
stone,1
sable-stoled,1
press,1
triumphantly,1
conflict,1
vngathered,1
hinds,1
nbva,1
counselled,1
freedom,1
fading,1
ot,1
response,1
acklw,1
ipvxpov,1
terror,1
stole,1
lvi,1
harmonious,1
heart-springs,1
<r^,1
72,1
pavaoirtikuv,1
confer,1
rather,1
noiseless,1
marjoram,1
tporipijv,1
except,1
savrei,1
blows,1
bad,1
river-hed,1
",from",1
dorian,1
impatient,1
undone,1
tss,1
57,1
shed,1
greet,1
suspense,1
xaip^tw,1
harren,1
move,1
sweetly,1
zest,1
stag,1
clime,1
wayside,1
rose-flushed,1
peered,1
earth—,1
vetches,1
peleus,1
",..in",1
ivi,1
august,1
dpyvpta,1
vii,1
kawuofwl,1
tooto,1
bail,1
chaunting,1
offering,1
rend,1
summon,1
starry,1
fix,1
buffeting,1
cii,1
tamarisk-branches,1
\n,1
sends,1
tone,1
vague,1
worthless,1
fioi,1
81,1
burnished,1
heaping,1
rushy,1
undinted,1
whistling,1
est,1
te<pv\ax&cu',1
hebrus,1
string,1
constrain,1
hymenaeus,1
6t,1
dryad,1
jonquil,1
flock,1
lncp6<f>wvos,1
net,1
cleaves,1
sit,1
appear,1
nxi;fa5es,1
leafy,1
!—once,1
value,1
elected,1
comk,1
passions,1
alcmus,1
quickening,1
athens,1
x<v,1
alvovtol,1
service,1
55,1
perished,1
disjointed,1
dxxd,1
0eol,1
'but,1
seized,1
philomel,1
hasten,1
hungry,1
juaxxoi',1
unfulfilled,1
sighed,1
traipaileto,1
nymphs,1
boys,1
glistens,1
charm,1
peers,1
narcissus,1
later,1
oix,1
furrows,1
shivering,1
blossoms,1
guess,1
[rd,1
folds,1
transcends,1
'twixt,1
vaunts,1
drear,1
moved,1
doidos,1
477exos,1
evils,1
medea,1
dreamed,1
heads,1
xty,1
^,1
mv&<rcuroal,1
•5,1
brilliancy,1
reproaches,1
101,1
%i,1
rowed,1
tbine,1
ovpeui,1
attain,1
degrees,1
undaunted,1
timeless,1
'axsvuv,1
62,1
keel,1
bloodless,1
i/arepov,1
hymn,1
hahe,1
reading,1
closed,1
mewoxos,1
strap,1
pursuit,1
higher,1
invite,1
soldier-hands,1
rive,1
dove,1
blasts,1
homeward,1
provide,1
aisi,1
krinna,1
heavens,1
46,1
comment,1
undescried,1
58,1
repulses,1
t&rvia,1
toifjjiv,1
iiritjiv,1
flit,1
haulk,1
irob-fjoj,1
property,1
&ficj)l,1
",put",1
love-charm,1
pair,1
wa/«,1
8epi,1
rosy-armed,1
unripened,1
frontispiece,1
chorus,1
aevri,1
dun,1
responsive,1
token,1
rhyme,1
love-afar,1
kindly-bowered,1
7ro,1
dissonant,1
wounds,1
doubting,1
0{ik4ti,1
chilly,1
knees,1
wio,1
truth—thou,1
sailing,1
bleed,1
",praying",1
brilliant,1
oeol,1
indebtedness,1
irariip,1
seated,1
\&8av,1
resumes,1
w'cov.,1
eipijv,1
wavering,1
altar—thus,1
wide-wandering,1
thrust,1
folly,1
hanquets,1
buoyance,1
meniscus,1
foot,1
iro\vtdpi8i,1
quicken,1
hillows,1
85,1
flower-test,1
'illother,1
recoil,1
lamp,1
bare,1
marriage,1
stain,1
cliff,1
mos/,1
t)i,1
godlike,1
transform,1
trophies,1
purest,1
]ea,1
funereal,1
>«s,1
0ixi)<r0a,1
sardonyx,1
tendrils,1
scroll,1
speechless,1
snood,1
sovereign,1
vital,1
^dt<poi,1
prophesy,1
59,1
scintillating,1
ancient,1
xxix,1
airap,1
brand,1
wakes,1
milk,1
overcame,1
tyrant,1
ardours,1
tllortah,1
flutter,1
lesser,1
49,1
rock,1
assembled,1
branch,1
torrent,1
drive,1
despite,1
shoulder,1
<n,1
conjure,1
heartless,1
apple-cheek,1
shady,1
converse,1
twining,1
marriage-room,1
rhythmic,1
understand,1
twin,1
re-take—,1
quarrelled,1
taiai,1
ttp,1
*hpos,1
unfathomed,1
smelt,1
chords,1
vfhy,1
richness,1
fowrf,1
healer,1
date,1
y&nf)pt,1
allure,1
sodden,1
vigil,1
5/,1
few,1
petty,1
kach,1
frighted,1
chilled,1
personality,1
apple-orchards,1
opportunity,1
sow,1
stretch,1
fails,1
measured,1
portal,1
kd\a,1
heguiled,1
\j/uxpos,1
gale,1
.v6ov,1
xpmwpove,1
/mi,1
frets,1
idolatry,1
sorry,1
nuptial,1
deadlxxix,1
gusts,1
vasotv,1
fragments,1
gentleness,1
efie6ev,1
willow-plaited,1
hellas,1
'twas,1
iir,1
tortoise,1
sunlight,1
hold,1
pai<ri,1
nightfall,1
hlcceus,1
swerve,1
veath-stricken,1
fears,1
quickly,1
<pa/xi,1
ixxiv,1
60,1
steered,1
violet-crown,1
d-jro^v^akeiv,1
manful,1
slowly,1
hamadryades,1
awto,1
shown,1
mffr)ke,1
/egean,1
amphion,1
commands,1
yfith,1
cloudy,1
irolpxvcs,1
deep-feathered,1
halm,1
restlessness,1
leans,1
clue,1
literary,1
deep-bosomed,1
marked,1
t,1
ol,1
^{<d,1
tithonus,1
cbloris,1
<j>piv',1
goat,1
seat,1
q,1
lamentations,1
heggar,1
alloy,1
morrow,1
ftixy,1
pandioris,1
precious,1
archaic,1
violet-hed,1
shares,1
graeci,1
acts,1
flitted,1
unextricated,1
home,1
forhid,1
cistus,1
wjktos,1
seven-gated,1
/cdxws,1
cheeks,1
fore-doomed,1
yearning,1
incomparable,1
lofty,1
horses,1
xhrow,1
mountain-rill,1
ipyav,1
dry,1
dove-eyed,1
loue,1
tress,1
means,1
crimson,1
lilies,1
jrxi)0o«ra,1
larichus,1
unutterable,1
chase,1
oyouth,1
plane,1
existence,1
i'hotel,1
tilpbusa,1
waning,1
pleasantly,1
veil,1
frantic,1
hushandman,1
",poet",1
ixvi,1
ixxx,1
re-appear,1
bind,1
try,1
innocent,1
sweep,1
mother,1
lights,1
ironic,1
denies,1
forest-root,1
agony,1
iraiso<pi\wtipanot,1
followed,1
liii,1
planets,1
goblet,1
chiton,1
afloat,1
mourners,1
vermeil,1
oye,1
changes,1
slight,1
moanshe,1
delayed,1
drowsing,1
permeate,1
poets—all,1
~did,1
terpander,1
fiiv,1
drip,1
pitiless,1
old-world,1
bri,1
stricture,1
cxi,1
prince,1
dusk,1
tulips,1
comrade,1
understood,1
wailing,1
pan,1
both,1
recumhent,1
lxi,1
flushing,1
infamy,1
magnificent,1
gently,1
sacrilegious,1
obtain,1
wasted,1
<pjj\\ojv,1
fruit-seller,1
<p6(ku<rii,1
avdpes,1
<7r7roro,1
expressing,1
rising,1
oenomaus,1
'',1
viii,1
villages,1
tak,1
raged,1
illuminating,1
xdpires,1
unalloyed,1
unbreathed,1
antiquity,1
xap^e<r<ra,1
offine-wove,1
poetx,1
content,1
tresses,1
subduing,1
ilapflei^a,1
amorously,1
forehead-shading,1
srjire,1
pines,1
tease,1
resound,1
ivy-leaved,1
wrongs,1
0/,1
ic-f/v,1
~ease,1
fukesiivaisboreas,1
remains,1
7,1
et,1
goal,1
complete,1
allaying,1
14,1
wells,1
mosrait~\elicate,1
/xc,1
<rre<pdvois,1
despise,1
herald,1
mused,1
ai^sav,1
reed,1
lltppoxos,1
quit,1
'ephemeral,1
frenzy,1
107,1
eyebrows,1
tamers,1
dimpling,1
",yet",1
fibre,1
columhine,1
ages,1
ambrosial,1
!—one,1
rich-wrought,1
bear,1
tparar,1
supple,1
stays,1
presage,1
cheer,1
mm,1
airokpiirtouri,1
triad,1
ktkpikthtlv,1
mislaid,1
leapt,1
mountain-slope,1
cpatvo\is,1
dol<rar,1
oikiq,1
fragrance,1
virility,1
poppy-wreath,1
thin,1
hat,1
becks,1
28,1
gaze,1
heeding,1
0(,1
father,1
poplars,1
porches,1
oleander,1
laffkas,1
concludes,1
scattered,1
unmoved,1
~x.pv<ro<t>i.t,1
32,1
impression,1
nightfalls,1
express,1
afar,1
burnedpast,1
thronged,1
athene,1
t«,1
resign,1
cleis,1
nathless,1
jap,1
stript,1
translation,1
inviolate,1
paean,1
twas,1
rolled,1
wheat-producing,1
law,1
eufiopipor^pa,1
unfurls,1
sitting,1
k&\ojs,1
stern,1
snare,1
astonishment,1
amhitious,1
s3,1
firmly,1
fostering,1
unwraps,1
l\f\oyxev,1
v[(,1
environment,1
sterope,1
ifiavrif,1
loth,1
goddess—pace,1
bd,1
wander,1
devious,1
rich^wrought,1
ydnfipc,1
irpiirei,1
silver-blue,1
heretofore,1
wan,1
axxa,1
iviii,1
asdviov,1
xpvabs,1
intent,1
trepidation,1
yields,1
bpr/vov,1
yester,1
inevitable,1
wine-god,1
tvs,1
draught,1
taken,1
comest,1
dispraise,1
whispering,1
colour,1
mastery,1
illustrations,1
cross,1
persuasion,1
speed,1
bartered,1
able,1
tyevro,1
y.re,1
meadows,1
coronet,1
rais,1
haply,1
860,1
ill-favoured,1
xalpoura,1
delightfully,1
thrills,1
sealing,1
beholding,1
subdued,1
seed-sowing,1
olive,1
h«,1
bud,1
join,1
quelled,1
suasive,1
keepest,1
lxx,1
vine,1
'eyw,1
teeth,1
morlavs,1
chamhers,1
^love,1
tbeban,1
90,1
25,1
violating,1
mere,1
y,1
unseen,1
apple-boughs,1
ipya,1
offspring,1
ciii,1
town,1
braziers,1
frolic,1
shrills,1
wrapt,1
pagb,1
thereafter,1
wasting,1
paused,1
ipiraki,1
linger,1
lov'st,1
finding,1
dooms,1
forsake,1
oleander-rose,1
feathery,1
",yearn",1
guards,1
nurse,1
wheat,1
hymenwus,1
southward,1
crowded,1
maternal,1
tip,1
ofall,1
foliage,1
sidfienrrov,1
reared,1
ir&i'i,1
hyacinths,1
steep.,1
girl-muses,1
uncoil,1
wooed,1
&woddirourii,1
returned,1
blushes,1
brook,1
tranquil,1
tremulous,1
heing,1
interfuse,1
spoke—,1
xlix,1
scathless,1
betake,1
hank,1
iar&orj<rav,1
burthen,1
check,1
magic,1
gourd,1
words,1
thehes,1
tbee,1
simplicity,1
careful,1
extension,1
kindly,1
softening,1
love-free,1
tieria,1
desolate,1
sin,1
hasket,1
breathless,1
unfed,1
asian,1
flavslovis,1
loug-shadowed,1
magnetic,1
bury,1
''e7u1',1
tardy,1
commend,1
broidered,1
buffet,1
sex,1
nebris,1
iris-neck,1
terrace,1
prize,1
twain,1
priced,1
67,1
numbered,1
kis,1
starless,1
o6k,1
credence,1
perforce,1
lamentation,1
busy,1
hesper,1
breathed,1
sister,1
disarm,1
whenyouth,1
bond,1
/idxiffra,1
upreaching,1
dies,1
of8,1
penetrate,1
quaff,1
nymph,1
tiiunica,1
blow,1
£pxet',1
harking,1
disdainbeside,1
.iraipav'aipposit&f,1
65,1
doom-weaving,1
burst,1
hitterness,1
poplar,1
lxv,1
chanced,1
ofree,1
sicily,1
scan,1
honey-hee,1
aswviv,1
injurious,1
childish,1
sob,1
pause,1
went,1
ga\ed,1
lonely,1
stained,1
prepares,1
eventide,1
rout,1
'axxd,1
common,1
flushed,1
tjaav,1
harvest,1
antissa,1
ir&vra,1
gavest,1
page,1
koi,1
taint,1
timas,1
looking,1
offer,1
cover,1
tie,1
kb,1
itrac,1
~lay,1
50,1
spurn,1
cost,1
vfiuti',1
funeral,1
tpraxas,1
bound,1
rape,1
cleave,1
w/>a>,1
ofthaon,1
poured,1
veep,1
austere,1
~learn,1
ire,1
keeps,1
musical,1
yap,1
memoir,1
7ra^i},1
77,1
forever,1
ira\iyic&tuv,1
mimosa,1
bipis,1
ai,1
withy,1
94,1
pitcher,1
comhine,1
/caicofofasa,1
circlets,1
hapfcvla,1
alive,1
-7i,1
heautys,1
glass,1
deign,1
vfifus.,1
undivided,1
sea-bird,1
ypiirtl,1
apparent,1
contemporary,1
wanders,1
heto,1
paxaipa,1
breathing,1
fervours,1
tempt,1
loom,1
wed,1
quaffed,1
6.],1
97,1
marriage-loves,1
risen,1
fickle,1
ix,1
midmost,1
pleasures,1
revolt,1
listener,1
renews,1
marble,1
second,1
pureness,1
ovk,1
iro\tio\fiov'a<pp68irav,1
sharp-struck,1
amid,1
prayed,1
rbodope,1
deathward,1
vine-branch,1
'en,1
amends,1
2air0i6,1
shameless,1
lovely-haired,1
drops,1
sorrowful,1
tfi^vaov,1
foes,1
rent,1
unlock,1
—heavenly,1
groans,1
worth,1
terrors,1
frost,1
avw,1
6tti,1
isang,1
clustered,1
dvwwi',1
we\die,1
<rt\dvva.v,1
ff^,1
thousand,1
throws,1
reins,1
cluster,1
"tread""me",1
ppaslpif,1
id,1
unfalteringly,1
lighted,1
crushed,1
hymmoeus,1
fiery-bosomed,1
quenched,1
wherewith,1
ivxxais,1
channel,1
23,1
y\&aaa.v,1
parched,1
twined,1
lightning,1
boreas,1
chaplain,1
drawn,1
iirknaav,1
12,1
ixviii,1
insulted,1
runs,1
ungarlanded,1
terse,1
dishonouring,1
girl-love,1
making,1
severed,1
styx,1
bath,1
ofhisprt\e,1
heath,1
aif/,1
trfpa,1
sun-god,1
hetwixt,1
"[""",1
ko.kov,1
sweeps,1
yivow,1
laurels,1
conceal,1
doubled,1
nest,1
table,1
wantonly,1
waited,1
cherish,1
austerely,1
avvippais,1
kavappei',1
ffoirepe,1
gall,1
dive,1
18,1
deeply,1
106,1
pains,1
unblinded,1
securely,1
dewy,1
flabhy,1
iposxi,1
received,1
forsooth,1
sleepless,1
n£\r/na,1
conservees,1
prime,1
irdpipvpov&v8os,1
wet,1
confute,1
drouth,1
fxcwfa,1
ripirva,1
temple-ground,1
moon-hathed,1
withdraw,1
fare,1
frame,1
succour,1
withered,1
flushes,1
mixed,1
whereto,1
olive-wood,1
simplest,1
serenity,1
sons,1
quite,1
drooped,1
breezes,1
meat,1
flees,1
87,1
squanderer,1
journeying,1
assail,1
udpbcvov,1
requite,1
healthful,1
hyacinth-hed,1
float,1
everlasting,1
bos,1
meeting,1
droops,1
whisper,1
cv,1
bower,1
spicy,1
strike,1
profane,1
travail,1
ceramiques,1
hend,1
telephilon,1
conceive,1
guidance,1
hamadryad,1
disdainful,1
[/iaxxov],1
anacreoris,1
th-frr,1
stall,1
unaware,1
tortured,1
helicon,1
solitary,1
fjv,1
[,1
master,1
pavva,1
sunheams,1
restore,1
calyx,1
car,1
iixd<rsw,1
ponder,1
soar,1
satiety,1
rhv,1
took,1
impotent,1
wood,1
inmost,1
43,1
amorous,1
perilous,1
thunder-guarded,1
melodious,1
undelusive,1
concourse,1
enduring,1
choric,1
y&pfipos,1
recollect,1
philomevs,1
moirai,1
throbhed,1
ungrasping,1
descend,1
45,1
impedes,1
unallowed,1
lustre,1
calvst,1
adonisi,1
goings,1
heast,1
*0to,1
oi',1
sheathe,1
kawiyivaikos,1
n&\a,1
uncheckt,1
candour,1
conscious,1
7t/)4s,1
xci,1
cypress,1
stoop,1
nations,1
noons,1
plucks,1
main,1
loud,1
either,1
avowed,1
playmates,1
sloth,1
impotence,1
relief,1
ketvop,1
chance,1
depart,1
sweet-voiced,1
i3,1
sleepest,1
infinite,1
divided,1
told,1
48,1
fervent,1
penetrative,1
stifle,1
bushes,1
herb,1
slope,1
<re\&vva,1
a/m/jleuv,1
beamed,1
pressed,1
troop,1
falling,1
vow,1
enchanters,1
indifferent,1
deliver,1
wearily,1
crumbling,1
thievish,1
flings,1
?ck&<tsw,1
book,1
rememher,1
tripa,1
chestnuts,1
arched,1
behind,1
89,1
treasure,1
bent,1
y*,1
cruder,1
wretched,1
7j£a>,1
crouches,1
futurity,1
unshaken,1
dfipai,1
peer,1
arrow,1
invulnerable,1
choir,1
7rora,1
/jii<rai,1
alceeus,1
whenye,1
bee,1
mb,1
be/ell,1
warms,1
founts,1
prostrate,1
low.,1
ho,1
aisvxe,1
solemn,1
climbs,1
winged,1
wondering,1
xi,1
trocru,1
aristotle,1
convoluted,1
strokes,1
plaint,1
pity,1
distract,1
ilex-wood,1
lids,1
deep-severing,1
harsh,1
muteness,1
stopped,1
^^m,1
hackward,1
compressed,1
vitality,1
rival,1
immanence,1
damopbyla,1
rain,1
maris,1
delusion,1
love-slighted,1
labour,1
•9,1
unto,1
lifkiaaaoh,1
gentler,1
tyrannous,1
aromatic,1
injuries,1
'each,1
manuscript,1
'except,1
fluctuating,1
order,1
tbia,1
nxi)pr,1
released,1
thrilled,1
select,1
wooer,1
growing,1
poets,1
ovk&tl,1
finer,1
reed-hed,1
espousing,1
tyranny,1
ov',1
involves,1
sacrifice,1
c/ltthis,1
falls,1
crowds,1
unkindly,1
pansies,1
teos,1
shaking,1
ascendency—her,1
nights,1
crushing,1
beyond,1
leaving,1
virulent,1
presumptuous,1
desirous,1
sappho!,1
disguise,1
lapse,1
gate,1
fugitive,1
united,1
hateful,1
harp,1
dionysus,1
complain,1
straightway,1
unquenchable,1
possession,1
measure,1
scorch,1
issued,1
thyme,1
climhing,1
mr.,1
tireless,1
dwells,1
nil,1
wiles,1
injure,1
pillow,1
trusting,1
liken,1
t£,1
rosemary,1
lifts,1
m-fj/mtao,1
hay,1
wheels,1
delos,1
clio,1
admonisheth,1
vibrate,1
.10,1
british,1
topmost,1
cle,1
unbosoming,1
striped,1
0<t>6d\pu>is,1
mountain-rift,1
springtide,1
triumph,1
shake,1
avail,1
helieve,1
~let,1
<re,1
lone,1
ka/j,1
altar,1
artemis,1
ctartoryski,1
scales,1
temper,1
fair-leaved,1
assuaging,1
irapbcvia,1
irepbi<r8,1
20,1
guarding,1
wrap,1
ce,1
lure,1
itakivbhcjv,1
whither,1
draweth,1
ashore,1
surprise,1
flown,1
x,1
motherhood,1
disk,1
row,1
wbite,1
fragment,1
hidding,1
spoiled,1
t6,1
mix,1
melancholy,1
lx,1
anything,1
poor,1
to-night,1
rohe,1
recline,1
regretful,1
creatures,1
calliope,1
sunken,1
",young",1
xptaeoi,1
step,1
tais,1
!ous,1
v>edicate,1
takes,1
7il,1
detain,1
gathering,1
heedest,1
cynthian,1
pitying,1
reburns,1
34,1
execrating,1
pipe,1
heave,1
x&pitei,1
clouds,1
wast,1
leshos,1
wronged,1
spacious,1
shook,1
tissue,1
ares,1
abate,1
andromeda,1
hefits,1
dxx',1
prophetess,1
stony,1
vifupa,1
\d/ury,1
sappbo!,1
blossom-nest,1
moos',1
blanched,1
lxeltr^a,1
no/,1
cyprian,1
regret—it,1
sharing,1
reflect,1
evening-star,1
berries,1
visit,1
wood-doves,1
remorse,1
<pl\ai,1
unsaid,1
spell-bound,1
clothe,1
i»v\,1
tlip,1
8,1
fellows,1
homer,1
dole,1
in^herjoy,1
itpiovro-',1
squandered,1
tox,1
drain,1
/swfiof,1
phrase,1
rancour,1
ferry-boat,1
noise,1
thorn,1
47,1
tokens,1
assaults,1
english,1
cvii,1
furious,1
ke\&sei,1
maenad,1
aji6.kt)v,1
celandine,1
roll,1
anxious,1
diffuse,1
irais,1
tear,1
attempt,1
thessaly,1
dipt,1
rb\/mrov,1
fiii,1
/j.t\ais,1
hfwi,1
aloud,1
motion,1
softly-cushioned,1
vis,1
honeyed,1
r&se,1
shout,1
7rpis,1
t^hine,1
ippivaut^ooi,1
estrange,1
<i,1
fever,1
ravine,1
dreamless,1
prayers,1
luring,1
i«,1
twice,1
¥rom,1
unshorn,1
long-shadowed,1
dript,1
galingale,1
delights,1
mystic,1
delaw,1
jealous,1
hehe,1
oifc^ri,1
ankles,1
archers,1
lamhert,1
tracts,1
wise,1
enabled,1
shunned,1
distressill-favoured,1
pinewood,1
wedding,1
ntv,1
xc,1
braids,1
sprung,1
ewo,1
confessed,1
tight,1
pint,1
chastity,1
yield,1
grey,1
lyreless,1
pierian,1
22,1
meets,1
ravishing,1
calms,1
airibrqakov,1
candid,1
kd\av,1
fold,1
<pojvde<r<ra,1
quest,1
laurel-leaves,1
threnody,1
5*,1
ko.1,1
iakisat,1
bore,1
aid,1
poet-sage,1
receptivity,1
aids,1
64,1
wv,1
perplexity,1
\liroia,1
riv&,1
obscurity,1
noto,1
pierces,1
sappbo,1
homes,1
weel,1
urged,1
mist,1
street,1
fields,1
16,1
laugbter-loving,1
'eclipses,1
retreats,1
girt,1
olttoif,1
remember,1
aloud—,1
oij,1
maiden-arms,1
bleak,1
ivouid,1
stalks,1
scornfuller,1
halmy-limhed,1
faith,1
laurel,1
descends,1
gleam,1
firs,1
quivers,1
olympiads,1
arid,1
severeth,1
axxok,1
pip,1
prophets,1
convulsive,1
harm,1
inward,1
thou—where,1
keeping,1
lyrics,1
7raeroi,1
p^rre,1
ideal,1
awake,1
unstricken,1
ead,1
orshipped,1
ivitte,1
voluble,1
tdie,1
63,1
foam,1
revealed,1
throb,1
thejaintness,1
towers,1
54,1
[vsoip,1
'ning,1
glances,1
/cdxais,1
temple-flame,1
further,1
fairer,1
kindness,1
kd\iar,1
hind,1
people,1
mine,1
k&sov,1
plead,1
golden-browed,1
garden,1
flow,1
risk,1
atbvaaofjuvujv,1
ros*,1
beach,1
pendent,1
match,1
chose,1
consort,1
aar/9ios,1
oi/c^ti,1
glittering,1
follows,1
handle,1
heautiful,1
fares,1
pointest,1
trampled,1
enwound,1
noon,1
fertilising,1
bergk,1
said—and,1
company,1
ordain,1
&<r<pi,1
slant,1
parting,1
viimv,1
hards,1
477[exos,1
mingle,1
teems,1
libations,1
female,1
garb,1
mflw,1
oi,1
rhetoric,1
ours,1
omnipotence,1
worm,1
jewelled,1
ones,1
weaponless,1
unlighted,1
%xw,1
trampling,1
fulfilling,1
hymenmus,1
heroic,1
befits,1
swinging,1
ran,1
natal,1
",u>",1
detract,1
teeming,1
necessity,1
devastated,1
inspiring,1
heart-delighting,1
deserted,1
failest,1
</>,1
enthrall,1
wben,1
vibrating,1
cares,1
prey,1
pandora,1
&ttu>,1
sharer,1
tangled,1
4ki}toio,1
murray,1
t4,1
limned,1
xxxix,1
shears,1
8349,1
demetia,1
reached,1
kings,1
felicity,1
wholly,1
lineaments,1
jest,1
forego,1
kanfartpav,1
aivoisaclimbing,1
92,1
hollows,1
o//fe,1
tsiy,1
pluck,1
rememhered,1
oak,1
glistering,1
knowledge,1
ladon,1
*ai,1
clinging,1
fray,1
boney-hees,1
added,1
ardent,1
<pi\e,1
—for,1
4w/>os,1
o&dt,1
afipa,1
food,1
myrtle,1
milky,1
dumont,1
dirdxas,1
vet,1
creep.,1
sicilian,1
meads,1
peril,1
v6rjfjia,1
nightly,1
release,1
clemency,1
dr,1
malignant,1
rutbful,1
pink,1
palm,1
anemones,1
antiquites,1
aganippe,1
clear—a,1
enow,1
compare,1
temperate,1
tpdevvov,1
aevpo,1
minstrel,1
&c,1
meander,1
intact,1
fot,1
anon,1
loath,1
4xxo>,1
samphire,1
replied,1
coin,1
si*,1
fte0ev,1
99,1
ik,1
surely,1
moira,1
filling,1
wine-cup,1
sleek,1
arching,1
whene,1
overweening,1
slay,1
alccms,1
rough-hearded,1
stems,1
inviolable,1
irdvnxo!,1
maidenhead,1
euterpe,1
hecause,1
jeered,1
trembles,1
welled,1
sunny,1
tide,1
assuaged,1
dismai,1
craft,1
39,1
weeds,1
lustrous,1
turning,1
despairs,1
read,1
link,1
xcv,1
instead,1
insult,1
incommunicable,1
horny,1
iratpais,1
floor,1
shudders,1
hears,1
encourage,1
afjffa,1
fivafm,1
whilom,1
dark-leaved,1
judge,1
crescent,1
fair-haired,1
44,1
else,1
40,1
wisdom-guided,1
mirourai,1
stj,1
)ir\&kevv,1
doubts,1
kawi&iraa,1
lying,1
lean,1
witless,1
hill-side,1
decided,1
&di<puvov,1
elbows,1
manifold,1
69,1
justly,1
never-fading,1
ujswr,1
cheat,1
clomb,1
tones,1
timid,1
afresh,1
museful,1
5'&irv<rtp£<poirra<,1
"no,",1
heroes,1
conferred,1
nearly,1
odes,1
blessing,1
ofav,1
inscrihed,1
arise,1
shapely,1
£«/,1
delighted,1
hask,1
anise-leaf,1
glistening,1
murmur,1
least,1
streams,1
unahashed,1
t&v,1
torments,1
height,1
pjvpv\6.kav,1
fertile,1
plane-shaded,1
accents,1
hermes,1
quoit,1
supremest,1
75,1
procure,1
open,1
persuade,1
forebode,1
seven,1
hot,1
spurned,1
pring,1
andyet,1
tlfifu,1
grape,1
maenads,1
smiled,1
get,1
sea-holly,1
thrown,1
play,1
jeer,1
mortality,1
ceagrus,1
saplings,1
tersephone,1
ff,1
stately,1
suck,1
sharp,1
urge,1
tvunres,1
season,1
de,1
rememhering,1
best,1
nineteen,1
regains,1
somewhat,1
winter,1
bove,1
spleen,1
36,1
blade,1
rear,1
met,1
withhold,1
summer-coloured,1
a',1
fascinated,1
blast,1
wfcres,1
discern,1
fxoi,1
aiji,1
cheerless,1
joyous,1
untouched,1
21,1
van,1
reverend,1
tv,1
krjvol,1
care-vex,1
infuse,1
became,1
lady,1
soothing,1
sbe,1
vision,1
la'en,1
prays,1
roiairano,1
ask,1
western,1
patience,1
-53,1
kissed,1
tenderest,1
hem,1
confused,1
ungreeted,1
efiebev,1
doe,1
resplendent,1
rifitav,1
»,1
garments,1
sharpened,1
succeed,1
denied,1
fluted,1
souls,1
420,1
wealth,1
3i,1
xexiswy,1
prate,1
preface,1
countervailing,1
sandy,1
desirerememher,1
gales,1
skies,1
ov,1
102,1
walk,1
'erhead,1
host,1
ply,1
ttrfikav,1
inexperienced,1
prompting,1
c5,1
;s,1
t'hey,1
blooms,1
playing,1
indues,1
port,1
blowing,1
rose-bright,1
full-stringed,1
steady,1
deity,1
<pc\r/fi,1
heauty—love,1
lviii,1
mightily,1
hica,1
inly,1
wail,1
cavern,1
trap,1
iff,1
goodly,1
chaplet,1
fashion,1
shamed,1
cark,1
<ca,1
nba<ri,1
inner,1
stilled,1
atinnax0i,1
fiercely,1
flower-weaving,1
/fo,1
action,1
dione,1
deck,1
same,1
ails,1
noi,1
untempered,1
7rapa,1
a<rrepes,1
tremblings,1
mountain-side,1
mong,1
hegun,1
oppressed,1
shrill,1
heal,1
haven,1
chiton-brooch,1
h,1
bruise,1
saktv\tw,1
kara<rtelfiouri,1
24,1
coiling,1
profound,1
hum,1
blossom-honey,1
filled,1
29,1
natural,1
nvaaislka,1
choir-master,1
tapbevla,1
fidofiaf,1
bland,1
iipalver,1
t<r<ro,1
fhaon,1
bask,1
<tte<pavr,1
broad,1
dryope,1
didst,1
kteps,1
for—when,1
eye,1
unloosed,1
whicb,1
[sir,1
paxurra,1
eyw,1
xsngirt,1
wbom,1
prophet,1
n&i,1
tfiev',1
grope,1
hre,1
greed,1
save,1
beloved,1
56,1
subtly,1
grassy,1
achieved,1
disst,1
dreary,1
dense,1
kareisw,1
kindlest,1
whitened,1
cythera,1
iird\auri,1
obscuring,1
wrote,1
)i\v\uv.,1
feeble,1
nameless,1
jiath,1
afipoaivav,1
dominate,1
mountain-wind,1
freshly,1
ilck&ywn,1
bar,1
cithara,1
fresh-blushing,1
hare-footed,1
delays,1
c.,1
pelagon,1
quire,1
ovtu),1
gloom,1
apprehension,1
snowiest,1
26,1
up-tossing,1
mysteries,1
climb,1
[si],1
nook,1
zephyr,1
]oy,1
text,1
fjia\lvuv,1
rays,1
brake,1
rural,1
palms,1
using,1
fi£v,1
unhearable,1
assuageless,1
spend,1
f'or,1
lithely,1
roots,1
thrice,1
otxv,1
rushed,1
wait,1
withheld,1
ydp,1
undiverted,1
ipdrais,1
al,1
despaired,1
rove,1
e7<i,1
ravishment,1
rejoices,1
perchance,1
~leave,1
rip,1
bosky,1
airs,1
swiftly,1
lioness,1
hyacinth,1
asleep,1
unheloved,1
rufiov,1
fetters,1
span,1
follow,1
idalia,1
flowery,1
songless,1
volume,1
a.,1
yepiuv,1
thither,1
gesture,1
priestess,1
ailed,1
knowest,1
lvii,1
alra,1
twilight,1
hitter,1
regions,1
porch,1
37,1
andye,1
wring,1
},1
wizard,1
sweetsweeter,1
rl,1
discord,1
keep;,1
communed,1
wrinkling,1
scourge,1
drinking,1
jocund,1
unespied,1
hove,1
80,1
otfor,1
lifting,1
looked—oh,1
incense,1
t/xfiiv,1
unsated,1
date<pa.vilrroi<ri,1
'd,1
ni4/3a,1
vvv,1
confound,1
tomb.,1
ass,1
st,1
&v8piiirwv,1
kardyper,1
<re\dvva,1
6,1
portals,1
leaping,1
hasks,1
hurled,1
ntpr,1
feeds,1
stranger,1
fathomed,1
male,1
l,1
decrepitude,1
mosroi,1
&w6/w.v,1
doves,1
house,1
unstirred,1
fount,1
insidious,1
kiiirav,1
accept,1
tq,1
irpiafivt,1
ojairep,1
thought—the,1
resumed,1
oil,1
vivid,1
indignant,1
perceptive,1
al/ca,1
becomes,1
ohymen,1
avenging,1
",v",1
kvprov,1
sijstc,1
walking,1
hostile,1
garnering,1
bough,1
bowl,1
halcyon,1
miss,1
murmuring,1
instant,1
erinnys,1
dissonance,1
upos,1
uuri,1
replies,1
joins,1
eve,1
term,1
<ri,1
entranced,1
yonder,1
feelest,1
forgetfulness,1
evian,1
vanished,1
iyavfcmuse,1
twines,1
tvptvvw,1
