",",1055
the,720
.,602
and,320
of,303
a,240
to,234
in,234
i,217
is,215
;,186
!,181
as,164
that,157
thy,125
on,125
thou,124
for,124
he,123
:,122
his,115
with,115
from,110
her,101
it,96
we,91
they,78
my,76
our,72
one,71
—,71
thee,70
she,69
there,67
not,66
are,65
him,65
me,63
o,58
by,57
be,56
p,49
this,49
all,47
have,47
so,46
lovely,46
where,46
no,45
their,44
at,42
god,42
but,41
art,40
will,39
very,39
mary,39
doth,38
us,37
how,37
blood,34
come,34
must,33
“,33
down,32
ii,31
”,30
-,29
them,29
now,29
up,29
_,29
little,29
who,28
when,28
was,28
iii,28
dost,27
hath,26
would,25
see,24
let,23
iv,23
fair,23
upon,23
through,23
am,22
god’s,22
may,22
face,21
its,21
,21
mother,20
',20
lo,20
these,19
day,19
an,19
what,19
feet,19
round,19
christ,19
sweet,18
eyes,18
cross,18
v,18
heart,18
or,18
beloved,17
love,17
son,17
voice,16
father,16
behold,16
those,16
pass,15
make,15
die,15
if,15
most,15
great,15
light,15
then,15
thine,14
head,14
were,14
again,14
blessed,14
jesus,14
deep,14
go,14
hands,14
~,14
lord,13
dove,13
trinity,13
holy,13
child,13
your,13
rose,13
fall,13
dark,13
back,13
hand,13
word,13
oh,12
death,12
still,12
shall,12
way,12
before,12
some,12
earth,12
dream,11
side,11
even,11
nor,11
roses,11
till,11
should,11
you,11
each,11
dead,11
know,11
more,11
man,10
babe,10
name,10
king,10
night,10
glory,10
sun,10
pray,10
young,10
lady,10
singing,10
lips,10
while,10
ground,10
place,9
wild,9
yet,9
drink,9
do,9
did,9
yea,9
soft,9
such,9
land,9
garden,9
angels,9
tree,9
had,9
joseph,9
comes,9
alone,9
thought,9
hair,9
unto,9
spread,9
white,9
vi,9
something,8
gone,8
sin,8
set,8
vision,8
breath,8
stand,8
take,8
star,8
can,8
saw,8
over,8
hast,8
between,8
father’s,8
‘,8
heard,8
home,8
moon,8
long,8
sing,8
look,8
full,8
gold,8
peace,8
wounds,8
lay,8
glorious,8
give,8
green,8
thus,8
’,8
bright,8
host,7
brook,7
crown,7
after,7
vii,7
high,7
among,7
red,7
wide,7
tomb,7
forth,7
ﬁrst,7
bed,7
hear,7
done,7
calvary,7
mysteries,7
cloud,7
air,7
feast,7
l,7
bird,7
open,7
soul,7
quiet,7
hell,7
than,7
years,7
low,7
other,7
against,7
clear,7
rise,7
rest,7
domine,7
own,7
breast,7
world,7
throne,7
only,7
stands,6
didst,6
pain,6
made,6
three,6
prayer,6
another,6
church,6
thing,6
content,6
shadow,6
song,6
though,6
could,6
wine,6
said,6
golden,6
think,6
left,6
street,6
peter,6
brow,6
thorns,6
ﬁne,6
dying,6
men,6
craft,6
wait,6
loved,6
lies,6
tears,6
spirit,6
tombs,6
hearts,6
grow,6
0,6
well,6
draw,6
delight,6
many,6
watch,6
john,6
prayers,6
beside,6
tender,5
knee,5
ﬂowers,5
lift,5
sweat,5
wood,5
keep,5
priest,5
sigh,5
because,5
body,5
nazareth,5
h,5
straight,5
loving,5
paschal,5
into,5
simeon,5
secret,5
angel,5
hill,5
lamb,5
power,5
blow,5
cry,5
every,5
knees,5
stars,5
patience,5
silence,5
close,5
mary’s,5
book,5
sorrow,5
st,5
drops,5
drawn,5
about,5
too,5
birds,5
beneath,5
»,5
room,5
worship,5
above,5
arms,5
leaves,5
laid,5
ﬂower,5
came,5
penance,5
shining,5
never,5
told,5
win,5
bethlehem,5
cannot,5
say,5
lieth,5
part,5
warm,5
breathing,5
bosom,5
bring,5
feel,5
fallen,5
mystery,5
turn,4
bleating,4
sight,4
queen,4
play,4
grace,4
water,4
mass,4
creatures,4
given,4
gather,4
looks,4
hidden,4
dumb,4
dreams,4
heaven,4
beat,4
born,4
grey,4
time,4
humble,4
calleth,4
life,4
far,4
once,4
under,4
road,4
ye,4
moan,4
catch,4
sleep,4
small,4
sacred,4
wound,4
doom,4
tell,4
trees,4
out,4
jewels,4
music,4
sons,4
here,4
mother’s,4
weeping,4
sure,4
adore,4
prayed,4
murmuring,4
lie,4
abide,4
seen,4
save,4
along,4
souls,4
bridegroom,4
precious,4
desert,4
offering,4
found,4
people,4
law,4
comest,4
hold,4
has,4
meek,4
undone,4
gate,4
doves,4
ﬂesh,4
things,4
passion,4
dreaming,4
need,4
door,4
compassion,4
majesty,4
golgotha,4
himself,4
sorrowful,4
cup,4
wave,4
women,4
sacrament,4
been,4
saith,4
bloody,4
waiteth,4
plain,4
nail,4
kept,4
sacriﬁce,4
weep,4
bind,4
glad,4
dust,4
canst,4
sighing,4
passed,4
ﬂame,4
hard,4
presentation,3
good,3
anna,3
pity,3
assumption,3
elias,3
cast,3
bear,3
within,3
whose,3
ass,3
jesu,3
kiss,3
bundle,3
risen,3
shepherd,3
skies,3
\,3
fresh,3
ghost,3
instead,3
desire,3
groweth,3
bees,3
slain,3
bitter,3
joy,3
herself,3
’mid,3
praying,3
sent,3
nails,3
accurst,3
averred,3
away,3
...,3
mound,3
bands,3
element,3
foot,3
trod,3
leave,3
fold,3
pause,3
brink,3
hollow,3
early,3
grief,3
bold,3
broken,3
standing,3
clad,3
michael,3
hope,3
lays,3
grass,3
near,3
sinners,3
gentle,3
broke,3
path,3
twain,3
rejoice,3
old,3
ﬁrmament,3
dreamer,3
kings,3
shed,3
st.,3
state,3
sleeping,3
pardon,3
dread,3
winding-sheet,3
sink,3
homage,3
bound,3
ways,3
murdered,3
truth,3
faith,3
bread,3
wind,3
ﬂy,3
eternal,3
agony,3
two,3
multitude,3
ﬁnd,3
bough,3
astir,3
cruciﬁed,3
waste,3
plucked,3
bank,3
singeth,3
crook,3
call,3
hour,3
lost,3
meekness,3
wife,3
steps,3
together,3
draweth,3
blue,3
slow,3
count,3
cuckoo,3
soul’s,3
meet,3
cattle,3
birth,3
plot,3
held,3
why,3
appal,3
motion,3
press,3
bit,3
virgin,3
stream,3
just,3
temple,3
blooms,3
stood,3
d,3
lone,3
sky,3
pale,3
empty,3
days,3
enough,3
mourns,3
ﬁll,3
woman,3
fast,3
children,3
fear,3
waves,3
abyss,3
blows,3
bridegroom’s,3
falls,3
last,3
build,3
sound,3
dear,3
starry,3
both,3
pure,3
“o,3
cold,3
joachim,3
crowned,3
amid,3
violets,3
believe,3
message,3
lack,3
lambs,3
words,3
folk,3
prays,3
strange,3
lovelier,3
yield,3
riseth,3
?,3
mouth,3
awful,3
cease,3
any,3
shouldst,3
beautiful,3
sluices,2
journey,2
water-brooks,2
free,2
mingled,2
maid,2
blest,2
intercessors,2
wilt,2
rebel,2
eternity,2
fail,2
baby,2
spice,2
won,2
altar,2
alive,2
run,2
wall,2
terrible,2
spreads,2
cheek,2
lest,2
cruel,2
ﬂed,2
indeed,2
26,2
christ’s,2
banners,2
wash,2
kingdom,2
comfort,2
profound,2
stops,2
shedding,2
virgins,2
sits,2
choice,2
juice,2
tight,2
overhead,2
cedar,2
stony,2
thirst,2
sped,2
bend,2
blood-red,2
english,2
none,2
mystical,2
spring,2
heavenly,2
patient,2
share,2
mountain’s,2
heads,2
luminous,2
sought,2
be—,2
apple,2
stone,2
pangs,2
feeding,2
dew,2
store,2
sighs,2
bindeth,2
weary,2
candlemas,2
fulﬁl,2
charms,2
mark,2
centurion,2
substance,2
rolls,2
roof,2
guardian,2
ere,2
care,2
strain,2
current,2
ﬁelds,2
f,2
shines,2
gathered,2
coronal,2
inﬁnite,2
sees,2
14,2
venus,2
martyrdom,2
sanctiﬁed,2
making,2
waft,2
nothing,2
musical,2
beauty,2
conferred,2
watched,2
apart,2
sat,2
solitude,2
jerusalem,2
sings,2
‘t,2
roots,2
wail,2
gem,2
corruption,2
creature,2
waters,2
looketh,2
falleth,2
right,2
coming,2
ordered,2
stings,2
nest,2
womb,2
best,2
ix,2
burning,2
gloriae,2
ﬂocks,2
pondereth,2
parted,2
mirth,2
ﬁlls,2
ask,2
to-day,2
eye,2
pout,2
immense,2
mater,2
godhead,2
sweetness,2
lilies,2
1,2
soon,2
took,2
goes,2
gloriously,2
giving,2
lip,2
touch,2
asleep,2
kisseth,2
gaze,2
growing,2
watchers,2
nook,2
passion-ﬂower,2
witness,2
strict,2
magdalen,2
w,2
spirits,2
prodigal,2
twenty,2
heavy,2
35,2
r,2
utter,2
lovingly,2
deserted,2
man’s,2
“the,2
extendeth,2
instant,2
troop,2
sorrowing,2
sword,2
might,2
until,2
wonders,2
loves,2
standeth,2
praise,2
victor,2
breathe,2
pleasure,2
enter,2
hepatica,2
stillness,2
bent,2
darkness,2
across,2
milk,2
sake,2
eden,2
either,2
frankincense,2
brings,2
mountain,2
beseecheth,2
wing,2
youth,2
moses,2
murder,2
style,2
looking,2
mistook,2
distant,2
simply,2
unclose,2
hours,2
hers,2
memory,2
autumn,2
mourn,2
wise,2
kill,2
woe,2
j,2
large,2
ease,2
past,2
shut,2
obedience,2
safe,2
guests,2
fetters,2
midsummer,2
stir,2
lightsome,2
gethsemane,2
espousals,2
viii,2
mighty,2
nailed,2
nativity,2
stay,2
dry,2
sepulchre,2
volume,2
antiphon,2
those—,2
playmates,2
fruit,2
boon,2
bleeding,2
noble,2
following,2
spoke,2
spices,2
softly,2
sheep,2
gloriﬁed,2
“it,2
morning,2
bearing,2
sins,2
flower,2
nights,2
victim,2
hail,2
breaks,2
often,2
hydromel,2
cries,2
seek,2
presence,2
guide,2
off,2
ﬂeece,2
cloak,2
begin,2
summer,2
receives,2
vain,2
death’s,2
speech,2
sobs,2
caravans,2
haste,2
stable,2
fountains,2
which,2
quietly,2
solemn,2
river,2
inst,2
shook,2
sea-birds,2
marks,2
prophecy,2
ear,2
imprisoned,2
rim,2
wings,2
veil,2
offer,2
grows,2
understand,2
glows,2
borne,2
dim,2
forever,2
wrapt,2
mad,2
howl,2
taking,2
hedge,2
confer,2
swooned,2
befall,2
answered,2
brood,2
lands,2
chaos,2
(,2
martyrs,2
plead,2
stop,2
moss,2
teach,2
master’s,2
lamps,2
bade,2
rayeth,2
cornﬁelds,2
locks,2
pressed,2
.1,2
bows,2
stirring,2
shield,2
kneeling,2
“a,2
dip,2
closed,2
welcoming,2
weeks,2
step,2
work,2
laughter,2
sang,2
complete,2
breaketh,2
bloom,2
remain,2
walk,2
sitteth,2
climb,2
mountain-stone,2
ﬁst,2
quench,2
exceeding,2
fulﬁlled,2
passing,2
house,2
ceased,2
lapsed,2
loud,2
festival,2
dazzling,2
presently,2
camels,2
well’s,2
wisdom,2
screen,2
space,2
beyond,2
weaves,2
waxen,2
felt,2
wrought,2
sudden,2
sovereign,2
wanderer,2
olive-shoot,2
speaks,2
robe,2
bodies,2
rule,2
galilee,2
lover,2
droop,2
e,2
knew,2
raised,2
claim,2
sundown,2
abel’s,2
ﬁlleth,2
ponder,2
brows,2
downward,2
juliana,2
30,2
died,2
stem,2
sitting,2
tuum,2
chalky,2
sides,2
appears,2
charity,2
openeth,2
hanging,2
sapphires,2
guards,2
listen,2
annunciation,2
speeding,2
swift,2
sometimes,2
idle,2
buds,2
shroud,2
asks,2
nigh,2
takes,2
pant,2
rosary,2
cheeks,2
like,2
wearily,2
curve,2
kine,2
yarrow,2
myrrh,2
sea,2
ears,2
whole,2
put,2
saviour,2
column,2
stare,2
looked,2
ave,2
woven,2
lily,2
almost,2
springs,2
tend,2
lonely,2
qui,2
taught,2
sweetest,1
desist—the,1
.-._,1
culminating,1
yielding,1
fellow,1
snaps,1
cyclamen,1
soughthe,1
humblest,1
angry,1
sweeter,1
93,1
things-—,1
church’s,1
terror,1
mountain-rocks,1
jolted,1
responary,1
shade,1
olivet,1
stoles,1
saddeneth,1
nimble,1
heavy-laden,1
dense,1
'ailer,1
sinneth,1
recalling,1
cattle-shed,1
70,1
tongues,1
provence,1
limbs,1
bid,1
bliss,1
bleat,1
ion,1
..-,1
placethe,1
75,1
magniﬁcent,1
track,1
boys,1
weeds,1
..7_5,1
taketh,1
bouquets,1
hm,1
gazeth,1
nun,1
tamarisk,1
v.,1
folding,1
merit,1
134-,1
portion,1
tremble,1
skirts,1
place—,1
throat,1
liest,1
ophir’s,1
hangs,1
lifteth,1
rare,1
124,1
trembling,1
.she,1
98,1
errand,1
sorrow’s,1
brown,1
cistus-trails,1
deriving,1
silken,1
loosed,1
fallen—,1
-ii,1
hills,1
ut,1
k,1
anchorite,1
restore,1
cometh,1
dominic,1
pomp,1
redolence,1
....,1
worshipt,1
dragon,1
nobis,1
i29,1
trope,1
heure,1
fullest,1
crested,1
119,1
neighbour,1
invokes,1
prevails,1
breeze,1
eagle-plumes,1
smiles—it,1
wist,1
sail,1
i21’,1
offences,1
bales,1
ascends,1
thief,1
laying,1
sceptre,1
transﬁxed,1
suﬂiced,1
grotto-glooms,1
ire,1
“but,1
andyet,1
vwzg,1
reward,1
semet,1
droopeth,1
fz'liae,1
89,1
frosted,1
writeth,1
wars,1
fete,1
soundeth,1
tramp,1
gaiety,1
concerting,1
clamour,1
sluice,1
mischief,1
i7,1
",i",1
pace,1
preachest,1
sore-polluted,1
arch,1
labour,1
itself,1
knaves,1
loss,1
hing,1
tangling,1
.-z-»-.-..,1
subdued,1
spills,1
overthrows,1
touched,1
fame—,1
2',1
5-,1
beholds,1
others,1
counsel,1
sunshine-wings,1
judas,1
.'-,1
unsung,1
bosom’s,1
prest,1
posy,1
mountain-pass,1
afterward,1
blindfolds,1
consider,1
86,1
cares,1
founts,1
mothers,1
one’s,1
picture,1
immortal,1
speak,1
birthday,1
house”,1
suﬂiers,1
surpasses,1
avail,1
ﬁll’st,1
"l,-‘",1
recollected,1
faintness,1
demon’s,1
balms,1
hurrying,1
welcomed,1
94-,1
holiday,1
espies,1
fruiting,1
3,1
halt,1
desist,1
18,1
reservation,1
<,1
hungered,1
witnesses,1
ring,1
knows,1
stung,1
clover,1
drop,1
fort,1
v7,1
deborah,1
bleat—,1
tlie,1
level,1
dwell,1
corruptible,1
_t,1
rumble,1
stoppeth,1
rocks,1
yours,1
--—,1
__,1
circling,1
brooches,1
room’s,1
wandering,1
diadem,1
allowe_d,1
!—dost,1
remaining,1
truly,1
eyes--they,1
snows,1
apple-bloom,1
dotted,1
cette,1
elate,1
spectre,1
magmﬁcat,1
radiance,1
late,1
celled,1
-_-an,1
servant,1
wingeth,1
fatherp,1
69,1
plain—,1
meus,1
longer,1
aboundeth,1
lading,1
grand,1
marge,1
~...,1
hi,1
parteth,1
ﬁgure,1
perfection,1
dight,1
mightily,1
entablature,1
chrism,1
erant,1
pf,1
mourned,1
mingle,1
4-7,1
redeemed,1
burgeon,1
azde-tree,1
vlove,1
torches,1
enormous,1
ﬂarep,1
),1
4.2,1
stone-dun,1
mood,1
hive,1
unwavering,1
clingeth,1
london,1
33,1
rood,1
cross—and,1
pliantly,1
frontier,1
dro,1
lustrate,1
famish,1
shrift,1
lifted,1
appease,1
clown,1
*-,1
virulence,1
kalemire,1
blaspheme,1
_.._,1
texuit,1
disk,1
142,1
perfume,1
owl’s,1
mocking,1
38,1
rules,1
cramp,1
5i,1
per,1
contracting,1
staves,1
tingle,1
braid,1
4.0,1
olives,1
gride,1
i12,1
rush,1
-1|--__,1
poverty,1
oft,1
prove,1
keep.,1
bleed,1
back-—,1
frail,1
",.--.--1-tr—--—",1
homeward,1
inches,1
inﬂaming,1
strewings,1
garden-stair,1
contrition,1
kneels—,1
gift,1
martyr,1
108,1
ascending,1
challenge,1
yoke,1
mountain-heights,1
daughters,1
created,1
wane,1
freebooter’s,1
twisting,1
new,1
whisper—thou,1
turneth,1
reedy,1
bower,1
perfume-—,1
hiding-place,1
odour,1
garment,1
guise,1
3i,1
staying,1
._.,1
i1~,1
breathed,1
disuse,1
beholding,1
coat,1
aft,1
strong,1
clustering,1
assuaging,1
quaffed,1
pain—,1
enwind,1
issues,1
layest,1
friday,1
82,1
nubes,1
busies,1
sheweth,1
whiter,1
abide—,1
force,1
regis,1
hang,1
radiant,1
“and,1
g,1
innumerable,1
decrease,1
molest,1
great—,1
1?,1
climbeth,1
sin’s,1
promises,1
blaspheming,1
fastness,1
toward,1
flushed,1
daze,1
started,1
rachel,1
wax,1
army,1
turned,1
gathers,1
taken,1
i/irgines,1
began,1
love-note,1
moon--or,1
whispers,1
hungry,1
aridity,1
ipsa,1
sand,1
c/zristi,1
renegade,1
prevailing,1
i22,1
least,1
tossed,1
athirst,1
tongue,1
darksome,1
oneself,1
impoverished,1
ballantyne,1
"-1-_it""-.-i",1
blade,1
receive,1
read,1
wished,1
event,1
104,1
._.-_,1
stranger,1
rend,1
caresses,1
blowing,1
hilly-lands,1
lamenting,1
invest,1
centre,1
l/vill,1
/a=vit,1
beatet,1
spotless,1
dull,1
si,1
unmoved,1
suggested,1
grown,1
law-giver,1
gossipry,1
grave,1
eden-spring,1
bury,1
burthen,1
sow,1
temple-stones,1
honey-breeding,1
treble,1
covering,1
63,1
rex,1
bled,1
moon—a,1
ogithese,1
holding,1
stricter,1
sheiis,1
fainting,1
form,1
theme,1
xii,1
tipping,1
fa.il,1
gay,1
openest,1
melancholy,1
_....-,1
meshes,1
4.-..-_,1
litanies,1
these—,1
w-v,1
juventutem,1
wrongs,1
shine,1
sunday,1
judgment,1
ell,1
ﬁeld-hills,1
surelypour,1
b,1
9i,1
forsake,1
fa‘,1
hung,1
week,1
saints,1
j.,1
afric,1
8,1
mend,1
joseph’s,1
spur,1
commemorate,1
hall,1
soldiers,1
well-content,1
ﬁngers,1
accusation,1
i9,1
list,1
pearl,1
offered,1
overlooked,1
seemed,1
raisest,1
lowly,1
third,1
abraham,1
rails,1
hugs,1
abhorred,1
awhile,1
stoled,1
avails,1
relinquishing,1
carpet,1
sentry,1
hardness,1
taxed,1
hesperides,1
scourges,1
od,1
refreshing,1
hist,1
cried,1
m,1
youth-time,1
snow,1
richest,1
appear,1
intents,1
stark,1
ofﬁce,1
tribulations,1
magdalen’s,1
travailing,1
granaries,1
gain,1
toil,1
inward,1
13,1
spake,1
puellae,1
crowns,1
calming,1
crossing,1
elect,1
reconciled,1
garden-plot,1
instinct,1
since,1
twig,1
philip’s,1
please,1
smiled-“,1
dies,1
humanity,1
doting,1
obey,1
step’st,1
spreadeth,1
!—there,1
ﬁllest,1
conﬁrms,1
marseilles,1
woman’s,1
requiem,1
marriage-feast,1
besought,1
lower,1
handful,1
mine,1
pleasaunce,1
wert,1
concepta,1
eve,1
enlock,1
group,1
...._...,1
people’s,1
somewhere,1
49,1
jewels—they,1
turnest,1
pool-tide,1
record,1
anything,1
discover,1
_4,1
57,1
justice,1
proffered,1
~'uenit,1
stall,1
li‘,1
demon-gods,1
shades,1
mask,1
i27,1
brim,1
rods,1
caritas,1
eat,1
congregate,1
unbound,1
answerer,1
bending,1
clanging,1
written,1
striking,1
]’ecris,1
prey,1
violet-roots,1
hardly,1
79',1
_v_7__..,1
cloud’s,1
glowing,1
bulk,1
dips,1
".-,",1
“where,1
husband,1
humbly,1
.l-.,1
crygthy,1
popes,1
prolong,1
tears-—as,1
bow,1
delightest,1
loaves,1
parable,1
rhyme,1
body—that,1
drips,1
bibe,1
weep’,1
lacks,1
".""-.""",1
ragged,1
wrap,1
rosy,1
%,1
buffets,1
67,1
resting-place,1
else,1
aw,1
hides,1
88,1
%—n-_.___,1
motherhood,1
._...aa.,1
vesture,1
.l,1
bowed,1
ﬂush,1
rigorously,1
rock,1
peaceful,1
“i,1
drawing,1
knowledge,1
shock,1
messengers,1
rivet,1
winter,1
sorrow-—that,1
cowl,1
stretchest,1
ﬂower—wilt,1
ﬂrmament,1
decked,1
dearest,1
knife,1
jordana,1
"..""",1
w-n—--'01,1
preaching,1
lit,1
bloodvery,1
girds,1
ships,1
scales,1
-v,1
kedron’s,1
phalanx,1
immaculatum,1
-».-a-—--,1
17,1
rage,1
necklaces,1
‘i07,1
penan,1
homes,1
cloven,1
ﬂeet,1
]ordan’s,1
garden-path,1
pitiful,1
recognise,1
;----..-,1
facing,1
persuasive,1
grave—clothes,1
maids,1
sim,1
enow,1
altitudes,1
search,1
entering,1
rejoicing,1
rosaries,1
shadows,1
altars,1
hummeth,1
subject,1
queenly,1
sad,1
travellers,1
manners,1
scant-,1
spheres,1
hastin,1
reading,1
delays,1
askest,1
myself,1
swerve,1
..-.-—~,1
'“,1
streaks,1
4.8,1
other’s,1
veneremur,1
lontg,1
harlot,1
i16,1
ursula,1
wounds—pour,1
giveth,1
kissing,1
fumes,1
sung,1
daft,1
range,1
twelve,1
passeth,1
pot,1
ti-ie,1
tune,1
studs,1
heeded,1
clean,1
equal,1
melchizedek,1
tempteth,1
hitherward,1
purple,1
token,1
mourneth,1
99,1
gums,1
whatever,1
mid-stream,1
praises,1
ah,1
beds,1
_...,1
fame,1
rain,1
return,1
faint,1
songs,1
blesseth,1
thee-~,1
keen,1
arid,1
allowed,1
burnish,1
loveliest,1
pointed,1
obitus,1
village,1
daily,1
tales,1
throbs,1
beseemed,1
strip,1
sweetly,1
brave,1
lead,1
wroughtest,1
hart,1
4,1
naught,1
sea-worn,1
waiting,1
glow,1
around,1
glued,1
brought,1
pellucid,1
113,1
occidamus,1
interminable,1
june,1
plots,1
want,1
beams,1
lap,1
tabernacles,1
32,1
master-jewel,1
upbraided,1
fevers,1
ﬁercely,1
lodging,1
72,1
muse,1
turning,1
5,1
reared,1
resting,1
sands,1
22,1
pasture,1
handling,1
live,1
shows,1
turtle-bird,1
"---‘“-""",1
does,1
attain,1
132,1
couldst,1
wrathful,1
venus—,1
napkin,1
john.,1
53,1
snail,1
w~,1
spaces,1
chary,1
thing—,1
stout,1
a-ﬁll,1
jangles,1
linger,1
profusion,1
136,1
oo,1
urged,1
ull,1
'79,1
band,1
communicating,1
ﬁrels,1
steers,1
ﬂeeces,1
planted,1
jailer,1
violet,1
comforteth,1
drear,1
multitudinous,1
fainted,1
free-faring,1
l.,1
14-3,1
orin,1
roadside,1
grave-clothes,1
briar,1
52,1
primie,1
perpendeth,1
fades,1
forbids,1
forsook,1
murmureth,1
pilgrim,1
prayeth,1
garments,1
crucify,1
ﬁends,1
enters,1
77,1
”—-lovely,1
ego,1
hill-base,1
excluded,1
leaping,1
.».-jzh-‘,1
sunshine,1
chorus,1
entombs,1
embrace,1
128,1
i31,1
clasps,1
i03,1
seat,1
chains,1
egg,1
forsaketh,1
submission,1
paradise,1
winds,1
mountain-nook,1
calling,1
carmelus,1
sward,1
japonica,1
jrk,1
ill,1
./,1
captain,1
journeyeth,1
paths,1
anemone,1
tu,1
maze,1
energies,1
16$,1
water-lilies,1
muﬂiing,1
whirr,1
peers,1
watered,1
plumed,1
second,1
cell,1
recoiling,1
ofﬁces,1
wheat,1
arundel,1
sleepers,1
gives,1
wrist,1
blossom,1
thin,1
forgot,1
murderer,1
settles,1
_]esus,1
"wr-""",1
consequent,1
shrill,1
~*i'*,1
understands,1
ﬁt,1
earum,1
joined,1
cognoscetis,1
.*..;,1
leads,1
able,1
woe—,1
caress,1
gr,1
transferred,1
“to,1
trust,1
appeareth,1
uttered,1
profession,1
dormitio,1
food,1
t,1
returns,1
men—,1
am—,1
fuels,1
closely,1
thurible,1
gust,1
meadows,1
lover’s,1
ﬁuctibus,1
crossed,1
pentecost,1
“there,1
tingling,1
__--,1
fondled,1
scarce,1
starved,1
forests,1
ﬁghteth,1
xi,1
76,1
region,1
i39,1
109,1
stricken,1
oflalood,1
thriddeth,1
somniator,1
die—in,1
washing,1
evening-winds,1
base,1
——,1
pinions,1
lacked,1
crimina,1
50,1
lark,1
marvelled,1
glistening,1
comforted,1
--,1
beholdeth,1
ajoy,1
forlorn,1
jesu-maria,1
97,1
sinful,1
wool,1
grieves,1
"-""",1
wreath,1
temple-courts,1
oar,1
-n-w-.-—er,1
sphinxes,1
liv’st,1
"_""",1
provide—,1
spell,1
coromzm,1
feels,1
weaved,1
woke,1
tm,1
remembering,1
testify,1
habit,1
questioned,1
lambkins,1
i38,1
dance,1
nostrils,1
redeeming,1
tearfully,1
lifts,1
blocks,1
neither,1
without,1
keeps,1
teeth,1
shalt,1
-~.~:---r‘,1
prafyer,1
apostle-son,1
serve,1
planned,1
59,1
solid,1
drinking,1
gabriel,1
piteous,1
blesses,1
bride,1
sayeth,1
iio,1
bare,1
lucida,1
comparing,1
hermes,1
design,1
remote,1
binds,1
cage,1
rote,1
_-_-_,1
shaded,1
budding,1
mirror,1
overhang,1
a-maying,1
salutation,1
cuddles,1
poor,1
crescent,1
insist,1
marriage-bond,1
confers,1
bestow,1
employ,1
wrong,1
awe,1
smoking,1
travaileth,1
fountain,1
promise,1
i15,1
vain-—,1
<3,1
greets,1
"suﬂ""er",1
an-=4,1
arzimarum,1
sup,1
a-blow,1
tide,1
i23,1
hellish,1
die—,1
morning-star,1
passer-by,1
137,1
words—,1
amain,1
sever,1
chafe,1
thunders,1
twinkling,1
untainted,1
exprest,1
basket,1
14-4-,1
servitude,1
i26,1
95,1
'—,1
hasps,1
.._-i,1
a-rush,1
sailing,1
pull,1
assail,1
i05,1
better,1
confutes,1
sets,1
print,1
anywhere,1
dear/z,1
punctilious,1
ﬂoats,1
seraphim,1
lackest,1
mourners,1
gave,1
palm-trees,1
jar,1
curseth,1
free—,1
mygken,1
allow,1
'_,1
murmur,1
went,1
chain,1
villas,1
athwart,1
deform,1
purgatorial,1
scant,1
shineth,1
sion,1
74,1
reach,1
jewel-thing,1
"~-,__",1
glowed,1
come—,1
58,1
drew,1
tempest,1
maketh,1
seamless,1
harmony,1
sanctum,1
break,1
|,1
wren-song,1
u,1
travel,1
55,1
leaf,1
slaughter,1
maddened,1
trumpets,1
cherubim,1
caprice,1
prevails—,1
swans,1
wilderness,1
line,1
meam,1
edges,1
passion-f,1
begun—,1
begets,1
show,1
friends,1
sister,1
a-curl,1
catacombs,1
43,1
adumbrations,1
£,1
fellowship,1
shouting,1
despair,1
ambergris,1
workmen,1
alight,1
annoy—,1
prison,1
mild,1
freedom,1
loveliness,1
spiritum,1
believed,1
>,1
ather’s,1
far-spent,1
ﬁuteth,1
exite,1
},1
._-»._..m__1-iioi,1
mist,1
11,1
plaintive,1
stink,1
rove,1
fare,1
forty,1
beans,1
rumour,1
invitest,1
bush,1
kissed,1
callest,1
.>-a,1
earthquake,1
pondering,1
maiden,1
drawest,1
meeteth,1
:»,1
reckless,1
hushed,1
stoop,1
thrilleth,1
havoc,1
fruition,1
==.1_,1
playing,1
._.—,1
mountains,1
wandered,1
honeycomb,1
cernite,1
shaking,1
plan,1
frees,1
deprive,1
rather,1
smilest,1
currish,1
whiteness,1
self,1
swell,1
abode,1
breaking,1
soothing,1
captive,1
topmost,1
gatherers,1
preserve,1
fulﬁlling,1
bowing,1
parting,1
splendours,1
seals,1
pit,1
upbraids,1
intercede,1
",@_",1
i_.,1
slips,1
heed,1
wanderings,1
ﬂowering-place,1
eram,1
rose-—oh,1
wonder,1
office,1
consent,1
handmaid,1
utmost,1
animal,1
blood-stains,1
devoted,1
temperance,1
venerable,1
ﬂowering,1
say’st,1
<wv—--_._.<—'-.-.,1
famine,1
seem,1
strikest,1
appearing,1
curse,1
benediction,1
attend,1
blessing,1
burdening,1
cophetua,1
",-.‘",1
heavens,1
movings,1
breasts,1
-..,1
devil,1
2,1
perchance,1
goad,1
_',1
having,1
targe,1
accord,1
distalf,1
i45,1
corse—now,1
spurring,1
draught,1
creepeth,1
stored,1
vilest,1
coldat,1
converse,1
i4,1
inn,1
shoot,1
bore,1
ﬂing,1
.._,1
wept,1
travelling,1
hawthorn-boughs,1
i20,1
herds,1
deep-bruised,1
visage,1
midst,1
unsaid,1
indifferent,1
ne’er,1
darkest,1
ancient,1
chase,1
innocents,1
amor,1
:—it,1
skull-like,1
plied,1
depart,1
giv’st,1
soiled,1
dea,1
waning,1
perfumed,1
fragment,1
approaches,1
dint,1
agree—,1
hearing,1
ivy-bloom,1
boast,1
sword’s,1
brambles,1
ruddy,1
wet,1
nothingness,1
odours,1
passion’s,1
vvarm,1
true,1
parthians,1
bought,1
—--—,1
hilary,1
~'-1-ii--.,1
watching,1
circle,1
atone,1
marshalled,1
qves'rioner,1
damp,1
8o,1
bedew,1
learns,1
pilate,1
ﬁrm,1
increast,1
proceedeth,1
oscillating,1
bridegroom—we,1
captivity,1
neighbours,1
christening,1
herbage,1
befbre,1
betray,1
sharon,1
ce,1
parched,1
knelt,1
question,1
ﬁg-leaf,1
amiss,1
sphinx,1
blindfold,1
rolling,1
rocking,1
dream—that,1
yes,1
egypt’s,1
dote,1
bud,1
nondum,1
relate,1
pastures,1
sprinkle,1
blast,1
absence,1
graves,1
ver,1
cistern,1
samite,1
hush,1
yonder,1
sheep.,1
thﬂougghat,1
cause,1
threaten,1
five,1
3.1,1
.91,1
him—now,1
ex,1
axe,1
manifest,1
28,1
confusing,1
wrangle,1
keepeth,1
marry,1
magnitude,1
stabat,1
41,1
"'.,-‘",1
oiter,1
temptations,1
lake,1
offend,1
a—-.-.—-qui-._.,1
braiding,1
restores,1
speak’st,1
shone,1
hum,1
lt,1
ogwing,1
leapeth,1
bickering,1
shoots,1
pursued,1
head-—,1
lord’s,1
linen,1
latch,1
hem,1
t’,1
q,1
$,1
declineth,1
control,1
story,1
torn,1
ifswrath,1
serpent’s,1
whom,1
change,1
mystic,1
ecce,1
deserts,1
ties,1
jealous,1
needs,1
believes,1
medes,1
corse,1
shuttle,1
abyssi,1
joyful,1
infant,1
rose—blood-red,1
eos,1
handmaiden,1
few,1
willingly,1
lamp,1
.r_n-pi,1
rin,1
risest,1
losing,1
strives,1
shocks,1
rays,1
delaying,1
ﬂow,1
jam,1
palestine,1
water-ﬁelds,1
flowers,1
lying,1
croons,1
clung,1
...-p—,1
chosen,1
apple-orchard,1
nooks,1
shew,1
raiment,1
sumptuous,1
deathless,1
morsels,1
ﬂapped,1
baptism,1
spite,1
0u,1
chide,1
stain,1
gems,1
fell,1
dog,1
assume,1
somehow-—,1
ofp,1
supremest,1
plumes,1
stilled,1
estate,1
tribute,1
scent,1
eyes-—they,1
crucif,1
curs,1
waiteth—and,1
answeri-:r,1
cilus,1
sinks,1
fraught,1
wooing,1
moonlight,1
smell,1
conﬁned,1
mien,1
weaving,1
;_—,1
arrayed,1
rude,1
world’s,1
greet,1
a-swim,1
labourer,1
thorn,1
ﬂower-bell,1
stupendous,1
moving,1
gorge,1
harden,1
spoken,1
sparkle,1
x,1
angel-lad,1
showed,1
burn,1
fruited,1
demons,1
arise,1
fields,1
ggntle,1
pool,1
going,1
rapture,1
stealeth,1
-»-,1
calls,1
murderous,1
intent,1
ﬁsh,1
hard—,1
dreamed,1
=,1
loose,1
rich-blooded,1
enticed,1
et,1
96,1
toy,1
adorns,1
rwwwvﬂ,1
blank,1
i35,1
theplaited,1
stuff,1
blighted,1
ﬂock,1
rich,1
reveal,1
buckler,1
specked,1
coronet,1
cords,1
earliest,1
water-pots,1
murk,1
prayest,1
joyous,1
liqueﬁes,1
sense,1
pulls,1
stretch,1
foaming,1
.\,1
blossometh,1
trail,1
divine,1
worse,1
fed,1
open-eyed,1
s,1
sign,1
drooped,1
fire,1
'21,1
eum,1
t/ze,1
66,1
upturned,1
night-fall,1
petition,1
tribulation,1
arrogant,1
adam’s,1
ipsum,1
hebetude,1
enticeth,1
swaying,1
weeps,1
37,1
angel’s,1
create,1
interpret,1
beheld,1
bless,1
lustrous,1
swimming,1
_.,1
stroke,1
troth-plight,1
cradle,1
mustered,1
berberis,1
priests,1
uneasy,1
eﬂiace,1
serenely,1
complain,1
damine,1
39,1
storm,1
scourged,1
juda,1
underfoot,1
parchment,1
butterﬂy,1
damn—,1
cradled,1
known,1
tasting,1
uplift,1
mount,1
interrupting,1
obeyed,1
consents,1
knot,1
reedsmote,1
throughthe,1
whisper,1
showers,1
i07,1
compassionate,1
maries,1
confusion,1
lady’s,1
penitence,1
habiliments,1
spiceries,1
drooping,1
81,1
holly,1
skyey,1
c/zristu,1
balsam,1
estate-—,1
78,1
cedar-tree,1
i06,1
falling,1
deeply,1
knowest,1
snowy,1
elephant,1
clasp,1
:2,1
called,1
stephen,1
turns,1
printed,1
",»_“i..“»",1
pleadest,1
dimming,1
glistened,1
impenetrable,1
sindonem,1
spear-point,1
dependent,1
place”,1
divide,1
tingled,1
nymphs,1
passes,1
crib,1
poured,1
“they,1
twilight,1
comprehending,1
deeper,1
hid,1
draws,1
p”,1
living,1
beam,1
aves,1
melt,1
dried,1
rain-drop,1
first,1
rjus,1
whispereth,1
misery,1
powers,1
44-,1
shrinks,1
34-,1
protecting,1
portions,1
20,1
ﬁxed,1
obtulit,1
venite,1
beguiled,1
rose-bindweed,1
rear,1
leathern,1
ball,1
aside,1
vile,1
grievous,1
wild-bee,1
hide,1
-~,1
angel-soft,1
'o,1
16,1
greeks,1
persist,1
prevail,1
unawares,1
ran,1
.e.......r....--,1
night’s,1
behind,1
vert,1
‘~,1
.9,1
loneliness,1
entreat,1
offereth,1
mountain-cave,1
spouse,1
conceived,1
eternally,1
egypt,1
rubies,1
rumbling,1
i17,1
dat,1
anguish,1
front,1
table,1
intricate,1
whereas,1
dawn,1
worn,1
inﬁnity,1
use,1
renovat,1
feelest,1
wring,1
perceives,1
ti,1
waited,1
consenting,1
heavily,1
swoon,1
filiae,1
caput,1
evangelist,1
protected,1
monument,1
dearer,1
miss,1
coruscating,1
looms,1
agnes,1
skeleton,1
philip,1
humility,1
unblooded,1
tempted,1
tracks,1
shields,1
114,1
ﬂower-cup,1
apostles,1
apocalypse,1
unseared,1
jewel,1
parlour,1
anna’s,1
68,1
questioner,1
foretold,1
spreading,1
sooner,1
ﬁlled,1
.;,1
56,1
“exile,1
mountain-song,1
catered,1
6,1
stretched,1
matin,1
unburnt,1
coral-reef,1
drowned,1
marvelling,1
infant’s,1
miserere,1
ascent,1
dirge,1
quam,1
sprung,1
fray,1
flesh,1
spear,1
cleansing,1
rising,1
christendom,1
opened,1
133,1
~-—,1
-r,1
comprehend,1
i-'~,1
versicle,1
'“..-,1
requite,1
veneration,1
—-¢-in-in,1
river-bed,1
54-,1
throng,1
ready,1
christ—can,1
swallows,1
seems,1
fright,1
candles,1
leafy,1
seeks,1
smile,1
ml.,1
reft,1
ﬂax,1
tidings,1
"14,0",1
118,1
faded,1
awhile-—,1
creative,1
generations,1
90,1
faithful,1
gazing,1
glow-worm,1
shake,1
g-‘r-.,1
adder,1
theology,1
stealing,1
uplifted,1
_‘7esus,1
/,1
toss,1
demon,1
gallant,1
unity,1
62,1
forget,1
themselves,1
debate,1
