",",1244
.,818
the,778
of,456
and,456
a,347
in,290
to,277
as,227
!,224
that,178
;,173
thy,170
with,162
—,152
his,150
is,145
thou,138
on,126
's,126
from,123
he,111
her,102
:,98
for,97
my,90
,89
o,86
by,81
not,76
god,74
me,73
i,71
it,65
they,65
its,65
their,61
one,59
thee,54
all,54
she,54
be,54
but,53
our,53
so,52
?,51
him,49
will,46
no,46
through,45
are,45
down,43
at,43
we,42
have,40
when,39
holy,39
upon,38
come,37
yet,37
hath,37
who,37
white,35
this,35
must,34
where,34
eyes,33
how,33
day,32
us,32
what,30
them,30
nor,30
was,30
1,29
love,29
an,29
there,29
had,28
mother,27
feet,26
light,26
if,25
round,25
blood,24
father,23
now,23
sweet,23
still,22
dost,22
son,22
body,22
art,22
see,22
would,22
more,22
power,22
joy,21
earth,21
soul,21
away,21
peace,21
may,21
sun,20
gold,20
heart,20
face,20
such,20
',19
cross,19
grace,19
might,19
wilt,19
death,19
your,18
behold,18
great,18
before,18
ye,18
let,18
christ,17
or,17
among,17
up,17
bright,17
voice,17
little,17
man,17
lovely,17
didst,17
sea,17
each,17
shall,17
made,17
men,17
hands,16
while,16
those,16
within,16
song,16
head,15
blessed,15
whose,15
forth,15
deep,14
wide,14
mary,14
save,14
out,14
air,14
breath,14
•,14
night,14
you,13
can,13
cast,13
hour,13
child,13
own,13
along,13
were,13
life,13
been,13
die,13
only,13
cry,13
lord,13
unto,13
jesus,13
till,12
way,12
virgin,12
lo,12
never,12
every,12
fall,12
stones,12
flesh,12
then,12
once,12
into,12
like,12
fear,12
high,12
word,12
golden,12
cloud,12
thine,12
above,12
lips,12
under,12
ice,11
laid,11
silence,11
far,11
beyond,11
hear,11
rock,11
garden,11
could,11
set,11
than,11
side,11
any,11
clear,11
very,11
stream,11
sight,11
pain,11
alone,11
wild,11
words,10
gone,10
snow,10
gather,10
dream,10
bread,10
comes,10
oh,10
wert,10
give,10
flowers,10
came,10
whom,10
sin,10
call,10
lie,10
sky,10
precious,10
these,10
spring,9
thyself,9
old,9
desert,9
raised,9
king,9
hold,9
yea,9
free,9
heaven,9
fair,9
hast,9
john,9
dance,9
strength,9
sylvester,9
rain,9
done,9
brow,9
soft,9
make,9
prophet,9
take,9
heavenly,9
gift,9
why,9
tomb,9
full,9
should,9
dark,9
dew,9
young,9
red,9
first,8
pray,8
place,8
lifted,8
tree,8
mid,8
about,8
know,8
makes,8
together,8
peter,8
wind,8
dead,8
water,8
balm,8
unless,8
lamb,8
though,8
waters,8
beneath,8
river,8
thought,8
left,8
birds,8
press,8
sacrament,8
fire,8
hair,8
stay,8
^,8
roses,7
clod,7
sigh,7
woe,7
land,7
angel,7
wood,7
two,7
around,7
thirst,7
trees,7
vase,7
divine,7
waves,7
over,7
dove,7
kneel,7
wings,7
live,7
heard,7
new,7
spirit,7
flower,7
wait,7
sweetness,7
lost,7
receive,7
tears,7
form,7
dim,7
hand,7
hills,7
door,7
mortal,7
dust,7
cannot,7
sudden,7
treasure,7
wounds,7
things,7
keep,7
poor,7
grass,7
coming,7
drink,7
lilies,7
am,6
amid,6
drawn,6
name,6
infinite,6
rose,6
whiteness,6
across,6
close,6
motion,6
do,6
caught,6
sunset,6
alabaster,6
none,6
flame,6
died,6
fill,6
toward,6
grown,6
mountain,6
doom,6
thyme,6
stone,6
angels,6
wheat,6
mass,6
arms,6
reed,6
stands,6
gathered,6
spread,6
beauty,6
called,6
here,6
grave,6
bowed,6
dwell,6
bitter,6
solitude,6
sweep,6
trod,6
touch,6
time,6
blest,6
beheld,6
wine,6
filled,6
sign,6
purple,6
glory,6
bosom,6
lay,6
seen,6
break,6
room,6
some,6
nails,6
shade,6
rise,5
hope,5
fresh,5
beside,5
throat,5
maximin,5
tide,5
chosen,5
many,5
people,5
city,5
voices,5
mine,5
home,5
(,5
hidden,5
bow,5
since,5
sword,5
bear,5
back,5
thus,5
dancer,5
loveliness,5
leaps,5
stood,5
cease,5
deity,5
which,5
silver,5
bring,5
brings,5
open,5
awful,5
leaves,5
wave,5
godhead,5
breast,5
strange,5
most,5
bent,5
born,5
gave,5
nightingale,5
rolled,5
sound,5
afraid,5
long,5
against,5
hill,5
serpent,5
stayed,5
shrine,5
taste,5
pass,5
queen,5
doth,5
vision,5
behind,5
presence,5
tight,5
ears,5
box,5
delight,5
incense,5
care,5
crown,5
wrought,5
fallen,5
lone,5
even,5
limbs,5
et,5
bare,5
sense,5
birth,5
sake,5
lover,5
vessel,5
clement,5
mouth,5
being,5
athwart,5
fold,5
last,5
...,5
marble,5
mercy,5
world,5
loosed,5
closed,5
violets,5
need,5
sod,5
tender,5
rocks,4
heavens,4
larks,4
sacrifice,4
help,4
dumb,4
seraphim,4
sway,4
smell,4
heat,4
follow,4
although,4
heed,4
desire,4
curls,4
listen,4
thorns,4
receives,4
near,4
stars,4
obedient,4
build,4
secret,4
altar,4
outspread,4
comest,4
kneels,4
winds,4
breeze,4
dances,4
wells,4
floor,4
broken,4
faith,4
revel,4
parting,4
shaken,4
few,4
strife,4
brook,4
mount,4
hearts,4
kings,4
dawn,4
throng,4
myrrh,4
street,4
mission,4
sharp,4
sleep,4
bold,4
cave,4
low,4
morning,4
felicity,4
solemn,4
ship,4
powers,4
feel,4
began,4
magdalen,4
praying,4
souls,4
loves,4
noontide,4
passion,4
pearl,4
bliss,4
sheep,4
knows,4
naked,4
whole,4
ever,4
mighty,4
ruby,4
beam,4
saint,4
bless,4
flow,4
bore,4
after,4
priest,4
sought,4
thunder,4
fast,4
eat,4
fine,4
felt,4
faint,4
immaculate,4
days,4
evening,4
struck,4
senses,4
exile,4
shown,4
just,4
gives,4
fount,4
carmel,4
run,4
years,4
gabriel,4
lies,4
circle,4
pleasure,4
believe,4
star,4
shout,4
shone,4
prayer,4
dry,4
singing,4
east,4
begun,4
beautiful,4
eastern,4
takes,4
trinity,3
price,3
range,3
answer,3
sand,3
sure,3
blooded,3
too,3
girt,3
pure,3
dower,3
desolation,3
deeper,3
wouldst,3
victim,3
happy,3
truth,3
aid,3
sad,3
ocean,3
sees,3
attain,3
corn,3
because,3
firm,3
aloft,3
steps,3
rim,3
single,3
seek,3
small,3
forehead,3
doves,3
clay,3
sore,3
fairest,3
billows,3
goal,3
hail,3
hung,3
swine,3
sheet,3
forget,3
clouds,3
wake,3
weft,3
bone,3
flock,3
womb,3
anguish,3
held,3
torrent,3
host,3
valley,3
well,3
welcome,3
height,3
wandering,3
dear,3
),3
won,3
humble,3
elijah,3
bars,3
crushed,3
crying,3
feed,3
shore,3
bowest,3
ii,3
saith,3
creature,3
falling,3
wild-deer,3
off,3
kneeling,3
knew,3
achieve,3
perfect,3
crosses,3
state,3
kept,3
fell,3
dense,3
aim,3
spear,3
feast,3
rushes,3
story,3
three,3
grapes,3
beginning,3
did,3
urge,3
abide,3
crystal,3
mind,3
annunciation,3
burning,3
loved,3
straight,3
secrecy,3
hard,3
lose,3
youth,3
warm,3
note,3
trust,3
quiet,3
sheer,3
bay,3
road,3
has,3
passed,3
streams,3
appal,3
fulfil,3
motions,3
substance,3
become,3
boughs,3
ruddy,3
plead,3
jerusalem,3
smile,3
meek,3
sweeps,3
perfection,3
withdrawn,3
sowing,3
shepherd-boy,3
wing,3
glow,3
dare,3
tongue,3
ghost,3
moves,3
mountains,3
flings,3
wet,3
eternal,3
hush,3
suffer,3
say,3
kingdom,3
hide,3
swift,3
simeon,3
reach,3
disciples,3
rejoice,3
chamber,3
relics,3
adore,3
storm,3
buried,3
strong,3
sacred,3
creatures,3
holiest,3
keen,3
anchor,3
rest,3
ground,3
stare,3
monks,3
almost,3
boy,3
bleeds,3
fountain,3
nothing,3
mild,3
den,3
'st,3
lifts,3
sands,3
winter,3
stretch,3
music,3
look,3
grey,3
rings,3
sanguine,3
himself,3
martyrs,3
blue,3
falls,3
casket,3
dress,3
grand,3
cries,3
springs,3
hark,3
tread,3
softly,3
severed,3
neither,3
both,3
brave,3
law,3
lightning,3
adored,3
breaks,3
sing,3
move,3
grew,3
peaceful,2
fearful,2
chersonese,2
robe,2
mariner,2
gathers,2
gems,2
brought,2
grieves,2
hot,2
monk,2
thrills,2
heads,2
fails,2
vintage,2
according,2
cut,2
spake,2
work,2
garden-ground,2
weaving,2
sunk,2
fingers,2
virgins,2
stir,2
pine,2
offence,2
seaward,2
increase,2
forces,2
earthquake,2
trample,2
bethany,2
force,2
looking,2
stray,2
'',2
anything,2
harbour,2
well-beloved,2
cohort,2
martyrdom,2
lives,2
passeth,2
fraught,2
forsaken,2
borne,2
branches,2
lazarus,2
reined,2
elate,2
welled,2
firmament,2
orient,2
leave,2
appears,2
oils,2
rush,2
lustre,2
charm,2
forever,2
sovereign,2
sublime,2
acclamations,2
advent,2
sounds,2
cruel,2
maiden,2
loveth,2
sundown,2
covered,2
rare,2
shoots,2
shawms,2
chalice,2
brink,2
roars,2
careless,2
think,2
wrapt,2
emperor,2
drown,2
bands,2
offering,2
measure,2
tame,2
changed,2
grain,2
sped,2
alleluia,2
sighs,2
grief,2
weaved,2
terror,2
weep,2
crush,2
deeps,2
crash,2
cell,2
given,2
blows,2
banners,2
incarnate,2
mines,2
sepulchre,2
turn,2
brethren,2
far-off,2
slender,2
standing,2
knelt,2
spotless,2
belong,2
noon,2
freshets,2
charity,2
wreath,2
put,2
looked,2
earthly,2
proclaim,2
torches,2
sings,2
crossed,2
fetterless,2
adorned,2
pleads,2
stoop,2
passing,2
clasp,2
meet,2
rivers,2
3,2
wondrous,2
excess,2
cushions,2
beloved,2
/,2
stand,2
walls,2
slant,2
float,2
hum,2
untarnishable,2
dwelt,2
past,2
bees,2
forgive,2
homage,2
magnificent,2
flourish,2
wonder,2
bird,2
making,2
dried,2
golgotha,2
confer,2
hearken,2
heights,2
bowing,2
lest,2
arrayed,2
mute,2
person,2
daylight,2
glowing,2
reeds,2
gem,2
endure,2
find,2
runs,2
throne,2
tongues,2
sufficed,2
sinner,2
unseen,2
space,2
shoulders,2
salome,2
everything,2
stranger,2
beat,2
sides,2
dwelling-place,2
garment,2
radiance,2
bearing,2
cried,2
pilate,2
bleeding,2
marvellous,2
said,2
cherished,2
ruin,2
intercede,2
beg,2
tenderest,2
corpse,2
lonely,2
giving,2
frown,2
went,2
ill,2
burial,2
thing,2
pressed,2
exceeding,2
burns,2
tossed,2
another,2
sanctified,2
lion,2
tremble,2
chime,2
entreats,2
other,2
roofless,2
rocky,2
challenge,2
cold,2
becometh,2
distraught,2
evoe,2
mothered,2
sovereignty,2
scarce,2
train,2
green,2
woman,2
trembling,2
spreads,2
utter,2
bids,2
nets,2
shudder,2
spell,2
published,2
expressed,2
nazareth,2
haste,2
pomp,2
gibe,2
entered,2
sweetly,2
adam,2
distant,2
dwells,2
poured,2
weight,2
narrow,2
slow,2
garments,2
actor,2
growth,2
field,2
eve,2
hanging,2
thrown,2
brightness,2
lull,2
sleek,2
black,2
spines,2
mad,2
bee,2
descent,2
seeking,2
knees,2
withered,2
chiming,2
judgment,2
empty,2
crowns,2
turf,2
ensanguined,2
thoughts,2
heavy,2
balsam,2
same,2
'mid,2
thirsty,2
12,2
swiftly,2
goat,2
hadst,2
iv,2
pang,2
52,2
mortality,2
news,2
spice,2
soil,2
rod,2
clothes,2
lying,2
length,2
drops,2
between,2
reel,2
thereafter,2
strikest,2
hang,2
lakes,2
sink,2
spot,2
woof,2
obedience,2
divined,2
blocks,2
fannus,2
engendering,2
part,2
cloy,2
jewels,2
traveller,2
calling,2
shows,2
witness,2
fleet,2
stair,2
heel,2
moonlight,2
tall,2
shower,2
harvests,2
safety,2
saviour,2
shadow,2
loud,2
breadth,2
altar-stone,2
underneath,2
watch,2
dressed,2
blow,2
naught,2
fanned,2
hid,2
worshipping,2
without,2
freedom,2
play,2
seems,2
current,2
nostrils,2
awhile,2
wear,2
stain,2
pondering,2
cower,2
sweeter,2
core,2
nature,2
loneliness,2
bleed,2
treader,2
woods,2
soon,2
mystery,2
wisdom,2
morn,2
dumbness,2
manifest,2
ear,2
bound,2
beggar,2
herodias,2
cornfields,2
ask,2
cherubim,2
flush,2
larger,2
built,2
journey,2
horses,2
pasch,2
easter,2
clean,2
paschal,2
rapture,2
frost,2
oblation,2
web,2
martyr,2
echoes,2
breaking,2
purpose,2
coy,2
rage,2
ascend,2
running,2
strike,2
again,2
afar,2
honeycomb,2
shell,2
early,2
struggle,2
seed,2
demons,2
moveth,2
ad,2
abates,2
known,2
vest,2
destined,2
ballantyne,2
tremendous,2
scourge,2
gray,2
children,2
brine,2
flood,2
sent,2
unbroken,2
vast,2
released,2
brothers,2
bell,2
grow,2
odour,2
food,2
royalty,2
silent,2
kill,2
murmur,2
void,2
apart,2
stretched,2
wealth,2
treasury,2
cup,2
told,2
moving,2
helpless,2
loss,2
country,2
ourselves,2
splits,2
arise,2
mood,2
creation,2
milking,2
hall,2
brazen,2
greatness,2
bloom,2
interfold,2
laying,2
lift,2
handful,2
dread,2
jollity,1
pauli,1
loveliest,1
graze,1
waiting,1
patriarch,1
roman,1
44,1
essence,1
condones,1
lapping,1
native,1
wreathed,1
ocean-waters,1
fling,1
shoreway,1
whether,1
encompassed,1
heart-blood,1
ascetic,1
dark-red,1
clench,1
bask,1
garland,1
assumes,1
wine-fat,1
slips,1
slip,1
clot,1
strain,1
archangel,1
retained,1
assurance,1
tiny,1
received,1
gethsemane,1
v,1
olive-branches,1
31,1
genitoque,1
engrossed,1
fanno,1
dancing,1
town,1
docs,1
hermit,1
transparent,1
frankincense,1
camp,1
arising,1
sharply,1
contentment,1
arimathea,1
consolation,1
strikes,1
darkness,1
broke,1
sweet-flowered,1
rcceiv'st,1
travelled,1
urged,1
slumber,1
palms,1
monthly,1
swallow,1
cowers,1
divinity,1
self-chosen,1
pierce,1
dial,1
looketh,1
snapt,1
lorn,1
plain,1
curtained,1
universa,1
fathomless,1
impetus,1
couldst,1
revelry,1
wafer,1
37,1
silver-raying,1
deluge,1
tombs,1
death-bird,1
played,1
bridegroom,1
glows,1
sea-grot,1
fisheries,1
influence,1
having,1
passion-flowers,1
poplars,1
eva,1
stole,1
pope,1
worn,1
glad,1
derided,1
unction,1
slay,1
piles,1
rosary,1
shocks,1
halls,1
stealing,1
term,1
conscious,1
liberty,1
faded,1
cowering,1
ee,1
rebels,1
triumph,1
glorious,1
leaving,1
vineyard,1
prevenient,1
smiles,1
ice-brook,1
bones,1
contrariety,1
olive-silvered,1
entering,1
diamond-stone,1
llis,1
62,1
nimis,1
meets,1
finds,1
maned,1
rolling,1
swiftest,1
snows,1
tempting,1
safe,1
chastity,1
reedy,1
small-crowned,1
dcathlessly,1
'd,1
aswim,1
25,1
calls,1
myrtle,1
heaved,1
outstretched,1
mesh,1
blesses,1
slew,1
sponge,1
fix,1
cross-aureoled,1
featured,1
58,1
breathing,1
charmed,1
less,1
beguiled,1
harps,1
shepherd,1
chapel,1
large-crowned,1
fly,1
servers,1
restlessness,1
pour,1
heeds,1
91,1
abhor,1
unexpected,1
softness,1
severe,1
enwoven,1
splashes,1
violet-bed,1
rent,1
deserts,1
crimean,1
patience,1
hiss,1
forest-haunts,1
christo,1
conquers,1
thunder-cloud,1
stiff,1
rose-stem,1
seeks,1
settled,1
matt,1
sumptuous,1
aught,1
parvuli,1
aethereal,1
96,1
beats,1
feasts,1
fume,1
calm,1
mountain-breeze,1
spaces,1
combine,1
dancing-girl,1
sunlit,1
ltd,1
rumour,1
itself,1
resting-place,1
pomegranate,1
impregnable,1
swaddling-clothes,1
tidal,1
fragrance,1
«,1
doff,1
piety,1
stops,1
tingles,1
stoles,1
barren,1
uplifted,1
wine-cup,1
45,1
descend,1
create,1
terrestrial,1
innocence,1
unrolled,1
shun,1
rejoices,1
92,1
coiling-in,1
smelling,1
striving,1
vile,1
youths,1
paestum,1
earliest,1
ablution,1
rending,1
grows,1
courage,1
chant,1
worship,1
34,1
ever-praising,1
plea,1
honey,1
swells,1
laughter,1
amethyst,1
abides,1
flourishing,1
loath,1
stupendous,1
confess,1
accursed,1
est,1
bid,1
diminish,1
understand,1
therefore,1
covert,1
hillsides,1
leadeth,1
57,1
wiped,1
plunge,1
grave-clothes,1
sphere,1
landslip,1
abundance,1
drain,1
centuries,1
shine,1
north,1
apt,1
5^,1
bury,1
craving,1
gifts,1
hardier,1
half,1
venit,1
scales,1
reticence,1
dying,1
hollow,1
mornings,1
chaunt,1
dire,1
clothing,1
bramble-wreath,1
familiarly,1
rude,1
sins,1
breaths,1
lit,1
sun-rays,1
twas,1
paul,1
nought,1
lily-heads,1
nard,1
undreamt,1
slide,1
unsurpassed,1
mysterious,1
deep-wood,1
heritage,1
royally,1
alive,1
act,1
unwrap,1
mirth,1
thence,1
sixth,1
glorify,1
better,1
weariness,1
blessedover,1
vivid,1
mate,1
older,1
immense,1
flowing,1
vinegar,1
holding,1
shooting,1
laughed,1
offer,1
vintage-lay,1
throbbed,1
28,1
overboard,1
scream,1
clash,1
enthrone,1
gazes,1
rules,1
port,1
bit,1
ploughman,1
vale,1
swung,1
baptizing,1
cohors,1
fuel,1
lid,1
cornfield,1
lock,1
gentleness,1
vehement,1
shafts,1
promise,1
toe,1
planted,1
impassioned,1
hill-turf,1
taking,1
kneelcst,1
immortal,1
de,1
lands,1
flinging,1
miry,1
40,1
1908,1
honey-rivers,1
fleece,1
spend,1
suasions,1
sweet-voiced,1
celestial,1
clogs,1
perpetual,1
pastoral,1
cross-stitch,1
repeat,1
rich,1
misty,1
willow-tree,1
beguile,1
undone,1
beasts,1
murdered,1
io8,1
salver,1
shallows,1
curds,1
ofi^er,1
anew,1
haughty,1
render,1
turf-clod,1
ringing,1
walked,1
dab,1
abyssward,1
utterings,1
"aurum,",1
afterward,1
betray,1
reft,1
imprisoning,1
f,1
sways,1
obliterating,1
spare,1
rouse,1
wholesome,1
seas,1
flake,1
penitence,1
chests,1
snow-bird,1
stooping,1
vaultings,1
sheaves,1
fills,1
breathe,1
virgin-mother,1
hugged,1
dews,1
excelling,1
madly,1
vestures,1
illuminated,1
dawning,1
countenance,1
peril,1
smite,1
33,1
rill,1
destiny,1
portent,1
ghosts,1
numberless,1
pleadest,1
savour,1
course,1
lake-side,1
spun,1
dims,1
sicut,1
sheltered,1
drenched,1
bodily,1
sea-winds,1
fellow-exiles,1
wisdom-widened,1
doctors,1
joyance,1
nakedness,1
large,1
berries,1
whispers,1
brides,1
kingdoms,1
whitened,1
rough,1
unclean,1
gaily,1
boulogne,1
skims,1
wrath,1
trip,1
trend,1
enter,1
uncontrollable,1
fang,1
bell-ringing,1
weed,1
slope,1
appeal,1
locks,1
delectable,1
renewed,1
says,1
cherish,1
solemn-gray,1
burgeoning,1
..,1
throw,1
wan,1
mortem,1
regions,1
unshod,1
neck,1
breasts,1
milk,1
vesture,1
sour,1
languid,1
sounding,1
80,1
miles,1
47,1
declined,1
wanders,1
graciously,1
counsel,1
38,1
incline,1
untrodden,1
trails,1
organ-reeds,1
poems,1
beaming,1
blithe,1
tell,1
loo,1
confluence,1
orb,1
jealous,1
good,1
speech,1
flourished,1
agency,1
boat,1
concealed,1
procession,1
triumphant,1
deck,1
cover,1
spectre,1
triune,1
boulders,1
wise,1
violet-roots,1
manifold,1
feels,1
superna,1
firmamental,1
keeps,1
effulgency,1
haunted,1
stone-white,1
21,1
question,1
misery,1
festering,1
wickedness,1
remote,1
passes,1
36,1
ecstatic,1
suspension,1
embrace,1
thunder-clouds,1
rocked,1
fashioned,1
eclipse,1
reddens,1
wandered,1
friends,1
104,1
caress,1
span,1
wilderness,1
chidden,1
crystalline,1
continuance,1
sons,1
distantly,1
wane,1
97,1
cleaves,1
fade,1
embracing,1
ligno,1
sometimes,1
ofi^ered,1
cloth,1
christian,1
clinging,1
hems,1
despair,1
reproved,1
resounded,1
austere,1
hate,1
confessional,1
seal,1
channels,1
block,1
inches,1
feeder,1
huge,1
everlasting,1
xxiii,1
i6,1
hill-moss,1
94,1
leather,1
wearied,1
growing,1
sequestered,1
sullen,1
eucharist,1
tiniest,1
fishes,1
trellis,1
devotion,1
darkling,1
spume,1
avail,1
blush,1
ranges,1
hooded,1
push,1
conquer,1
sold,1
lion-roar,1
talked,1
w^hiteness,1
sank,1
multitudes,1
desolate,1
service,1
songsters,1
harp,1
chorus,1
quiver,1
girded,1
thrill,1
pax,1
below,1
toiling,1
turns,1
lucifer,1
cherishing,1
adventurous,1
prince,1
purgatory,1
jia(,1
vat,1
worse,1
crouched,1
angel-priest,1
couched,1
shines,1
din,1
warden,1
marble-quarries,1
cloud-swirl,1
slight,1
don,1
magnifies,1
shells,1
wherefrom,1
upper,1
thirty,1
irish,1
colmnba,1
scope,1
prompt,1
sworded,1
tiresias,1
knee,1
inveterate,1
upheavals,1
blew,1
builds,1
—the,1
compulsive,1
marks,1
mere,1
betrayed,1
everywhere,1
aside,1
wins,1
ripple,1
pull,1
daybreak,1
scudding,1
engulphed,1
spaciousness,1
hood,1
enough,1
shadeless,1
monte,1
frequent,1
remorseless,1
fissures,1
valley-road,1
vanity,1
horizon,1
healing,1
mea,1
wether,1
locusts,1
mockery,1
rend,1
17,1
aureole,1
behest,1
vaunts,1
roused,1
fregit,1
country-fields,1
spoken,1
flags,1
wayfarer,1
brown,1
sacring-bell,1
ankles,1
distractions,1
gush,1
sollst,1
rasped,1
unswayed,1
secrecies,1
glen,1
29,1
olive-wood,1
blank,1
77,1
gavest,1
ennobled,1
magic,1
noxious,1
antiphonies,1
risen,1
lizard,1
obeying,1
river-way,1
chose,1
passover,1
bringing,1
founding,1
altars,1
petition,1
poise,1
terrified,1
greater,1
pardoning,1
beast,1
juhilatio,1
carnage,1
whisper,1
06,1
gratia,1
climbing,1
drawing,1
loving,1
6-4,1
heart-rays,1
dun,1
trinkets,1
vale-lilies,1
lashes,1
angel-hands,1
until,1
trailed,1
candles,1
lump,1
valleys,1
dens,1
over-past,1
ascension,1
pleadeth,1
statue,1
empery,1
choiceness,1
noise,1
84,1
viaticum,1
mca,1
stillness,1
laus,1
torch,1
99,1
bromian,1
vobiscum,1
alcantara,1
#,1
abyss,1
sunny,1
linen,1
weary,1
cared,1
brief,1
highway,1
balms,1
39,1
pearls,1
terrible,1
sheds,1
pant,1
decreed,1
summits,1
share,1
kindle,1
restless,1
ran,1
motionless,1
tides,1
storms,1
command,1
lap,1
coral,1
dressing,1
thrust,1
lean,1
compass,1
heaves,1
flakes,1
tip-toe,1
dash,1
virginity,1
w^ith,1
dusk,1
foot,1
struggles,1
grloom,1
lovelier,1
wildest,1
seeing,1
icy,1
limits,1
ranged,1
unstirred,1
prove,1
sand-tossed,1
legion,1
w^ere,1
aware,1
tormented,1
thyrsus,1
journeys,1
green-leaves,1
shroud,1
grinding,1
wasting,1
wreak,1
moon,1
buys,1
manes,1
plants,1
earnest,1
surface,1
pretence,1
attained,1
shadowed,1
kiss,1
make-believe,1
camel,1
sunlight,1
wailing,1
lion-fountain,1
choking,1
fixed,1
judgment-day,1
overhead,1
forests,1
tiger,1
flown,1
sky-like,1
speaks,1
107,1
dabbed,1
rain-storms,1
compelled,1
fare,1
serve,1
rounded,1
ritual,1
poised,1
elizabeth,1
saints,1
drouth,1
curly,1
watched,1
business,1
wimple,1
convex,1
rose-leaves,1
earlier,1
marvel,1
women,1
fisher,1
glade,1
newer,1
ridges,1
met,1
bequeathes,1
looks,1
remit,1
yielded,1
tinkling,1
draught,1
dowers,1
checked,1
dedication,1
company,1
consonant,1
questions,1
subjugate,1
white-flashed,1
marked,1
caucasus,1
herbage,1
tire,1
blooms,1
aloud,1
mountain-hug,1
olive-leaves,1
stripped,1
clarity,1
leafy,1
mourn,1
sea-stars,1
retain,1
stays,1
claiming,1
jordan,1
cajoling,1
sturdy,1
consummate,1
wrenched,1
preached,1
killed,1
whirl,1
pomegranate-apples,1
water-brooks,1
wound,1
notre,1
27,1
6^,1
feeding,1
crows,1
sower,1
burnishing,1
slim,1
asia,1
vault,1
startle,1
chill,1
fish,1
clad,1
venerantes,1
drifts,1
brilliance,1
weeps,1
succour,1
leapt,1
scourged,1
harshly,1
delay,1
level,1
sights,1
splendour,1
eleutherius,1
beard,1
end,1
71,1
roam,1
foottall,1
flight,1
burthen,1
strangely,1
bland,1
bell-wether,1
enclosed,1
pebbles,1
out-broke,1
bodyguard,1
nothinfj,1
oozes,1
eventide,1
mockers,1
54,1
only-begotten,1
valley-woods,1
unnoosed,1
harshness,1
jeering,1
right,1
clack,1
presses,1
flaw,1
oak,1
wine-press,1
tethered,1
lain,1
hours,1
homeless,1
forgiveness,1
manhood,1
unsealed,1
uncontaminate,1
harmonies,1
comforted,1
penetrate,1
style,1
lingered,1
scatter,1
streamless,1
fierce,1
mirror,1
cord,1
deaf,1
secrets,1
joannis,1
choose,1
garden-seed,1
exquisite,1
bright-harnessed,1
cogent,1
kedron,1
pawing,1
sweet-leaved,1
betides,1
burnished,1
reed-bed,1
twilight,1
shed,1
screen,1
lights,1
cock,1
76,1
32,1
possess,1
blazed,1
admired,1
learn,1
winged,1
'neath,1
furnace-sun,1
prasfect,1
clemency,1
sharpest,1
midnight,1
stricken,1
frozen,1
pasture,1
lily-breathings,1
gibbet-trees,1
unallayed,1
13,1
aloof,1
memoriam,1
quenched,1
sward,1
immolation,1
quickly,1
63,1
bought,1
baptist,1
horsemen,1
crevices,1
allow,1
tavistock,1
hugging,1
harvest-home,1
rudely,1
heaps,1
twinkles,1
region,1
blossom-fleece,1
preserve,1
shoot,1
stark,1
choir,1
forward,1
lightning-fire,1
dazzling,1
swell,1
lusts,1
ecstasy,1
begged,1
59,1
recesses,1
immeasurable,1
salute,1
deprived,1
certain,1
denser,1
comfort,1
sleeping,1
apple-tree,1
taint,1
wild-wood,1
maid,1
companionship,1
bed,1
73,1
dupe,1
vow,1
ruled,1
compare,1
sparkling,1
silently,1
meshes,1
vain,1
requital,1
herod,1
resinous,1
cloister,1
kinglike,1
gaze,1
wander,1
captives,1
strains,1
93,1
smooth,1
intolerable,1
solitudes,1
potency,1
parched,1
advanced,1
felon,1
real,1
clears,1
lamp,1
poverty,1
ride,1
missing,1
unslain,1
prison,1
accepted,1
bounty,1
hops,1
flooded,1
looseth,1
features,1
herb,1
drums,1
tempest,1
rock-site,1
74,1
steers,1
chasuble,1
worshipped,1
bows,1
corse,1
harvesters,1
river-bank,1
surprise,1
tuning,1
enveloping,1
beach,1
meaning,1
water-carriers,1
35,1
infant,1
woes,1
ineffable,1
fairy-tale,1
future,1
niorht,1
dip,1
approach,1
fastened,1
daytime,1
trumpet,1
jonah,1
smoothness,1
upcurled,1
startled,1
priceless,1
grape-haired,1
learnt,1
wade,1
driven,1
skyin,1
crucified,1
.*,1
date,1
found,1
vigour,1
fervent,1
weak,1
q,1
printed,1
myriad,1
weeping,1
laugh,1
iler,1
pluckcth,1
smoothly,1
waste,1
abovegod,1
columba,1
rates,1
communion,1
levin-gendered,1
rabbis,1
huddle,1
hearten,1
familiar,1
withheld,1
drip,1
dearest,1
grindings,1
matter,1
highways,1
girl,1
withstands,1
pinions,1
chafe,1
heardy,1
jewel-sparks,1
thurifer,1
19,1
bubbled,1
girlhood,1
revere,1
ashes,1
honoratl,1
giveth,1
lily-fields,1
diana,1
frayed,1
riven,1
heedless,1
aloe,1
87,1
trail,1
grip,1
scarlet-red,1
playing,1
stale,1
instant,1
trunk,1
bosra,1
vertex,1
26,1
decrease,1
sustaining,1
thrilling,1
gladly,1
sanctuary,1
averred,1
tranquilly,1
paraclete,1
increased,1
probe,1
extreme,1
beholden,1
15,1
ordained,1
win,1
quarry,1
anger,1
dawn-bird,1
myrrha—,1
burst,1
du,1
safely,1
furnished,1
shut,1
monstrance,1
believes,1
thorn,1
swans,1
vine,1
ease,1
roves,1
hides,1
v.,1
rays,1
boyhood,1
moment,1
tremblest,1
brimmingly,1
brows,1
virgo,1
perfectness,1
sponge-tipped,1
new-glowing,1
tramplings,1
droop,1
slain,1
callest,1
b,1
foaming,1
spangles,1
rite,1
temple-shrine,1
jewel-work,1
forestalled,1
dank,1
sea-deeps,1
arm,1
speed,1
freshness,1
drinks,1
reverence,1
hiding,1
dint,1
82,1
knowing,1
isles,1
wholeness,1
waits,1
ripples,1
eremite,1
woven,1
race,1
whip,1
ot,1
tingle,1
powerful,1
rears,1
wrung,1
device,1
pressure,1
issued,1
whitest,1
fully,1
multitude,1
tastest,1
slough,1
underground,1
morning-larks,1
sunamite,1
dame,1
verdurous,1
later,1
bitterly,1
beams,1
lenity,1
trajan,1
stags,1
flames,1
suppliant,1
candelabra,1
oblivion,1
source,1
yon,1
edom,1
meditated,1
lays,1
upward,1
mourneth,1
loaded,1
companioned,1
steel,1
station,1
sixfold,1
doomed,1
trespass,1
jangled,1
enthral,1
piled,1
dinted,1
terentius,1
attentive,1
murderous,1
anointing,1
forsake,1
shelter,1
apparent,1
78,1
throats,1
exposed,1
does,1
knots,1
empress,1
graves,1
infamies,1
fadeth,1
nice,1
25-26,1
covert-wood,1
egenis,1
monster,1
panting,1
plots,1
quarried,1
celebrant,1
mystic,1
extremis,1
year,1
6i,1
airy,1
spreadeth,1
descended,1
51,1
retreat,1
clearer,1
olive-trunk,1
praise,1
waist,1
loi,1
lore,1
watered,1
rock-roses,1
nook,1
speckled,1
24,1
thicket,1
bodies,1
jewish,1
magnanimous,1
reception,1
devious,1
swing,1
shent,1
fro,1
fail,1
flushing,1
achieved,1
dies,1
forlorn,1
triumphing,1
fortitudo,1
tarry,1
pagans,1
67,1
mirage,1
spring-day,1
mustering,1
persian,1
girds,1
fivefold,1
supremely,1
nest,1
defeated,1
flashed,1
wreaths,1
award,1
piece,1
ways,1
simply,1
glee,1
shock,1
ridg,1
fertilising,1
infinitely,1
steeped,1
coal,1
sept.,1
throbs,1
blazes,1
garden-shades,1
honey-bees,1
-sank,1
sea-bird,1
hawk,1
doorstep,1
palm-trees,1
56,1
immure,1
pavements,1
macherontis,1
palm-tree,1
g,1
mountainglades,1
simon,1
22,1
steep,1
drunk,1
83,1
beware,1
23,1
straw,1
powerless,1
lithe,1
dovelike,1
grit,1
far-rapt,1
89,1
redeemed,1
toil,1
ave,1
dipped,1
8i,1
laurel-flowers,1
thinking,1
lifetime,1
fauns,1
69,1
nailed,1
urges,1
nightfall,1
greyhound,1
kick,1
breathed,1
praises,1
30,1
gleaming,1
needs,1
thanks,1
brighttheir,1
sounded,1
western,1
sick,1
uncloses,1
priests,1
strivings,1
wades,1
ableness,1
sinks,1
beggars,1
60,1
frankincense^,1
crevice,1
dampness,1
desert-crown,1
languor,1
living,1
85,1
sand-drifts,1
vaunt,1
moved,1
sedge-reed,1
franchise,1
clean-chiselled,1
105,1
feeds,1
leaf-stripped,1
conception,1
sunken,1
converse,1
sunt,1
possession,1
surrounded,1
eaglet,1
turned,1
travel,1
eighteen,1
deeds,1
clover,1
drear,1
mourners,1
rouses,1
tower,1
teach,1
discant,1
slaughtered,1
rolls,1
surely,1
mountain-streams,1
weeks,1
consume,1
straightly,1
2:ive,1
interchange,1
hailed,1
aragon,1
groweth,1
imagination,1
plate,1
tent,1
spouse,1
awaits,1
unguent-dabbled,1
alleluia^,1
lion-desert,1
laud,1
53,1
hesitations,1
una,1
terrors,1
embolden,1
heap,1
surcease,1
tortured,1
took,1
sparks,1
lure,1
42,1
skating,1
grotto,1
rung,1
transit,1
spite,1
rapt,1
90,1
mountain-lark,1
vows,1
forwards,1
lowly,1
cool,1
shattered,1
deepness,1
suddenly,1
prevail,1
prostrate,1
laudes,1
yields,1
gash,1
skylark,1
waxing,1
crept,1
68,1
109,1
disgrace,1
building,1
housed,1
cleansed,1
translucent,1
water-drops,1
splendid,1
compels,1
pity,1
indian,1
folk,1
maze,1
prowess,1
frail,1
fated,1
yield,1
hyacinth-stone,1
garhen,1
church,1
falleth,1
singleness,1
footstroke,1
followed,1
fountains,1
serene,1
new-cloven,1
contumely,1
setteth,1
mingles,1
warbled,1
lake,1
brangling,1
wayfaring,1
flashes,1
multiplicity,1
iced,1
blame,1
foes,1
purissim^,1
entbehren,1
95,1
worst,1
spring-time,1
nobleness,1
haunting,1
mocked,1
mould-born,1
fulness,1
flood-tides,1
mound,1
caprice,1
eternity,1
encompass,1
wraps,1
builded,1
thronging,1
climb,1
congregate,1
70,1
abysses,1
bunches,1
dawn-star,1
hunters,1
grieve,1
lustral,1
tense,1
cones,1
fields,1
mountest,1
fragrant,1
imprisoned,1
mea^,1
cured,1
moan,1
heareth,1
eyelids,1
charge,1
triumphs,1
favour,1
awake,1
h,1
teeming,1
tossing,1
anthems,1
impertinence,1
madness,1
nativity,1
crystals,1
steady,1
generous,1
enticed,1
delays,1
potens,1
panic,1
furthest,1
aiid,1
fed,1
plant,1
priestly,1
tried,1
idolatry,1
livesome,1
scent,1
midst,1
buds,1
remitted,1
dearth,1
lapse,1
image,1
sharon,1
mortally,1
wrap,1
stirless,1
already,1
fathom,1
vermin,1
trice,1
musical,1
lacking,1
benign,1
masks,1
lurk,1
sets,1
universe,1
lovers,1
whence,1
slavish,1
patmos,1
seem,1
arbours,1
sweat,1
solomon,1
moss,1
became,1
distraction,1
sun-breath,1
&,1
*',1
chrysolite,1
draweth,1
befall,1
shorn,1
danced,1
content,1
supremacy,1
brands,1
meeting,1
angry,1
43,1
conceived,1
sunniest,1
echo,1
hell,1
clamp,1
forest-fir,1
rout,1
sap,1
romans,1
jewel,1
knotted,1
amassed,1
tiiee,1
brandish,1
snow-cave,1
knit,1
88,1
haunts,1
gate,1
macrinus,1
covent,1
generations,1
i02,1
transcendent,1
stirred,1
virgini,1
intent,1
quivers,1
wide-set,1
letting,1
suspense,1
stonebefore,1
banned,1
exult,1
e,1
songs,1
offers,1
gay,1
gardens,1
trance,1
cloven,1
dreams,1
quite,1
yesterday,1
49,1
temple,1
8,1
fourteen,1
dreamed,1
climbed,1
vigil,1
leads,1
sinking,1
shepherds,1
malignity,1
neighbourhood,1
design,1
delighted,1
honour,1
instrument,1
task,1
pierces,1
jealousy,1
twine,1
annunciations,1
hay,1
entombed,1
store,1
79,1
night-dew,1
amoncj,1
unpolluted,1
*,1
thereon,1
lily-flowers,1
intrusive,1
boisterously,1
dross,1
nurse,1
forbid,1
pitiful,1
dwelleth,1
seed-growing,1
tingling,1
rippling,1
dewless,1
recall,1
temple-grot,1
red-wet,1
leafery,1
troop,1
finer,1
dryis,1
vultures,1
granite,1
flawless,1
limb,1
tinkle,1
camel-owners,1
bends,1
fight,1
genitori,1
owned,1
facing,1
diamonds,1
london,1
condition,1
something,1
lustily,1
empowering,1
antiphony,1
crazy,1
cloud-white,1
pedals,1
breeding,1
watchful,1
wilds,1
balmy,1
willow,1
spat,1
tied,1
blind,1
chance,1
treads,1
st,1
crisped,1
insult,1
hers,1
lured,1
blot,1
recognition,1
agony,1
always,1
whirled,1
guard,1
tho,1
warnings,1
preponderance,1
thebes,1
croon,1
clothe,1
halt,1
rises,1
dauo^hters,1
jove,1
hundredfold,1
sowest,1
stems,1
winter-day,1
masses,1
slayer,1
check,1
sacellum,1
tuft,1
faithful,1
prow,1
reflecting,1
72,1
robes,1
strained,1
freshet,1
secretly,1
delayed,1
mocking,1
103,1
outside,1
imple,1
waylaid,1
flee,1
choice,1
tidings,1
eagle,1
remember,1
royal,1
balmed,1
remain,1
dregs,1
86,1
mounded,1
balance,1
armies,1
maytime,1
frank,1
problems,1
droops,1
d,1
sweet-smelling,1
stem,1
short,1
harvest,1
suspicion,1
thrums,1
fishers,1
revellers,1
shelves,1
spirits,1
boldly,1
white-woven,1
foreshown,1
removed,1
lithely,1
antrel,1
created,1
shivering,1
stronger,1
detractions,1
severs,1
bend,1
fond,1
jubilant,1
conceive,1
cords,1
pondered,1
mock,1
luke,1
freed,1
penance,1
50,1
colder,1
48,1
wipe,1
cistus,1
lily-stem,1
new-born,1
timbrels,1
confuse,1
snow-peaks,1
shivered,1
stephen,1
water-hen,1
spring-rain,1
importunity,1
20,1
soldiers,1
daze,1
spur,1
clustered,1
bells,1
tabernacle,1
