",",706
the,447
and,241
.,217
to,189
a,167
i,157
of,147
;,126
in,117
my,89
her,88
is,81
that,80
!,72
with,70
:,68
's,60
it,52
as,51
not,48
on,48
we,47
love,47
was,46
me,46
his,44
he,42
are,41
by,40
for,40
from,39
be,39
she,38
at,38
but,36
no,33
?,32
would,31
all,31
where,30
when,28
who,28
our,28
have,28
thou,28
its,26
so,25
they,25
there,24
thy,22
through,22
heart,22
white,22
him,21
must,21
thee,21
this,20
how,19
were,19
if,19
dead,19
little,19
their,18
',17
eyes,17
gay,17
wind,16
life,16
let,16
us,16
land,16
way,15
like,15
wings,15
away,15
then,14
sweet,14
—,14
may,14
had,14
has,14
see,13
up,13
while,13
will,13
o,13
never,12
doth,12
should,12
hath,12
them,12
ah,12
death,12
some,12
one,11
down,11
live,11
oh,11
sky,11
breath,11
free,11
roses,11
rose,11
light,11
warm,10
say,10
come,10
art,10
men,10
or,10
still,10
just,10
than,10
spring,10
meet,9
felt,9
great,9
did,9
more,9
take,9
an,9
these,9
soft,9
old,9
two,9
ever,9
though,9
face,9
upon,9
yet,9
side,9
can,9
full,8
think,8
forsooth,8
sea,8
pass,8
what,8
moon,8
could,8
nor,8
own,8
among,8
find,8
winter,8
pale,8
feet,8
such,8
earth,8
grow,8
found,8
know,8
hands,8
each,8
round,8
till,8
do,7
sleep,7
sun,7
mid,7
gray,7
god,7
youth,7
man,7
beloved,7
head,7
winds,7
heaven,7
green,7
why,7
air,7
far,7
dance,7
girl,7
things,7
golden,7
lady,7
sound,7
ground,6
ere,6
sing,6
,6
once,6
souls,6
cannot,6
play,6
flower,6
day,6
hear,6
am,6
gold,6
might,6
fair,6
lettice,6
bright,6
left,6
mortal,6
go,6
within,6
world,6
music,6
lay,6
give,6
behind,6
feathers,5
to-day,5
fills,5
age,5
hair,5
fear,5
praise,5
beneath,5
pretty,5
against,5
name,5
large,5
beside,5
leaves,5
touch,5
now,5
watch,5
cup,5
lovely,5
power,5
again,5
others,5
child,5
morn,5
clear,5
keep,5
shepherdess,5
night,5
hills,5
across,5
deep,5
comes,5
always,5
snow,5
those,5
came,5
been,5
breast,5
morning,5
lips,5
set,5
leave,5
near,5
ears,5
soul,5
hand,5
hasten,5
thine,5
blow,5
kisses,4
cold,4
eat,4
breeze,4
failed,4
lost,4
other,4
done,4
brave,4
forth,4
lift,4
put,4
breathing,4
happy,4
stood,4
country,4
dear,4
mound,4
out,4
fly,4
....,4
bliss,4
gone,4
makes,4
hopes,4
travel,4
plain,4
toward,4
home,4
alone,4
forgot,4
boughs,4
does,4
lover,4
red,4
feel,4
caught,4
looked,4
ask,4
sudden,4
before,4
la,4
make,4
half,4
brown,4
thousand,4
since,4
fall,4
bacchus,4
long,4
spreads,4
bold,4
april,4
flowers,4
too,4
itself,4
trees,4
above,4
lies,4
cry,4
saw,4
robin,4
memory,4
fled,4
sight,4
blame,4
hold,4
turn,4
ho!,4
sometimes,4
years,3
overhead,3
thus,3
first,3
burning,3
pain,3
under,3
higher,3
spirit,3
afternoons,3
apollo,3
shall,3
storm,3
dances,3
pressing,3
sport,3
longer,3
swift,3
mellow,3
...,3
swell,3
fold,3
mote,3
echoes,3
water,3
apples,3
fresh,3
iris,3
upward,3
flow,3
wonder,3
faint,3
back,3
right,3
open,3
peace,3
answer,3
mingle,3
pray,3
kiss,3
heigh,3
eros,3
begun,3
sleeping,3
crown,3
lonely,3
cloudy,3
broken,3
pearl,3
treasure,3
bare,3
mystery,3
brow,3
drops,3
said,3
springing,3
end,3
flight,3
king,3
together,3
grave,3
change,3
between,3
dull,3
cheek,3
best,3
rings,3
bear,3
rise,3
living,3
stars,3
flitting,3
shy,3
claim,3
short,3
removed,3
ivy,3
cloud,3
sunshine,3
mother,3
bower,3
laid,3
strike,3
below,3
backward,3
reeds,3
grew,3
thing,3
took,3
another,3
hour,3
bring,3
brake,3
delight,3
room,3
vowed,3
glow,3
women,3
birth,3
which,3
rude,3
place,3
nymphs,3
whom,3
heavy,3
without,3
dogs,3
breezes,3
triumph,3
breeds,3
hast,3
dream,3
content,3
muse,3
flame,3
silence,3
speed,3
holy,3
began,3
something,3
bid,3
pleasure,3
vessels,3
wild,3
draw,3
terror,3
young,3
summer,3
leap,3
die,3
fields,3
state,3
laugh,3
joy,3
days,3
even,3
calm,3
whose,3
lying,3
singing,3
yellow,2
tree,2
given,2
puff,2
rite,2
mute,2
wakes,2
buzzing,2
beguiled,2
tall,2
gaudy,2
petals,2
abound,2
leda,2
path,2
page,2
behold,2
river-bed,2
wheaten,2
deign,2
worse,2
acheron,2
pure,2
amid,2
dun,2
balmy,2
bless,2
bowed,2
sick,2
wreathe,2
tremulous,2
flush,2
drop,2
mete,2
scarce,2
mist,2
whirr,2
'twere,2
broke,2
grace,2
brood,2
sunshine-mottled,2
further,2
clouds,2
glorious,2
measure,2
race,2
mob-cap,2
pleasant,2
streams,2
along,2
fast,2
kings,2
guest,2
headlands,2
burthen,2
laughing,2
children,2
nightingale,2
over,2
heed,2
shower,2
mark,2
bushes,2
universe,2
moving,2
only,2
bread,2
gift,2
underneath,2
begins,2
prey,2
fill,2
lo!,2
lonesome,2
glide,2
hate,2
fame,2
dart,2
sweep,2
lucidity,2
mysteries,2
hidden,2
tis,2
rich,2
sore,2
solitary,2
grief,2
starry,2
garden,2
woman,2
seen,2
born,2
guide,2
whole,2
comfort,2
clung,2
foreign,2
wake,2
break,2
fleece,2
sapless,2
cling,2
damask,2
made,2
methinks,2
ceased,2
keeps,2
cease,2
streak,2
off,2
good,2
sprites,2
breaths,2
cool,2
passions,2
thanatos,2
cupid,2
almost,2
'tis,2
weather,2
weary,2
silver,2
sings,2
slumbered,2
dared,2
talk,2
row,2
lie,2
myrtle,2
being,2
sappy,2
marked,2
sorrow,2
hoar,2
wise,2
drag,2
a-tingle,2
haunt,2
fell,2
beautiful,2
delicious,2
gloom,2
true,2
shady,2
flushed,2
steep,2
sap,2
roving,2
gnats,2
asleep,2
quick,2
cursed,2
strong,2
ashes,2
themselves,2
town,2
black,2
friendship,2
held,2
follow,2
june,2
moony,2
mood,2
bands,2
fire,2
ourselves,2
steely,2
wandered,2
struck,2
unfed,2
paint,2
holiday,2
strength,2
used,2
nook,2
work,2
grays,2
thrown,2
pond,2
fetter,2
bed,2
wide,2
tyrant,2
harvest,2
forever,2
sadder,2
sickness,2
bough,2
thought,2
speak,2
oft,2
perfume,2
loved,2
smile,2
husband,2
smite,2
wondrous,2
sere,2
grot,2
master,2
maiden,2
eye,2
footfall,2
farewell,2
arm,2
purple,2
despatch,2
fog,2
apart,2
song,2
tune,2
turns,2
hark,2
ho,2
silent,2
chloe,2
company,2
dost,2
mandolin,2
after,2
saith,2
outdance,2
tender,2
shadow,2
curled,2
noise,2
terribly,2
vase,2
discover,2
noiseless,2
feather,2
faun,2
furze,2
because,2
secret,2
last,2
flat,2
spells,2
cut,2
darkness,2
breathe,2
thinning,2
cirque,2
rain,2
stand,2
curling,2
vintage,2
naught,2
sweat,2
maidens,2
run—ta,2
dark,2
riotous,2
passion,2
tell,2
loving,2
curls,2
law,2
mortals,2
stealthy,2
dusk,2
poor,2
flowered,2
vision,2
peaceful,2
kept,2
fragrance,2
laughed,2
grass,2
bond,2
greet,2
stay,2
strange,2
sacred,2
wan,2
burns,2
1,2
gathered,2
plumes,2
hope,2
year,2
seem,2
glistening,2
mused,2
bound,2
urge,2
increase,2
loneliness,2
/,2
buds,2
lone,2
about,2
season,2
blue,2
span,2
kingdom,2
'll,2
clusters,2
rapidly,2
drew,2
forest-path,2
twain,2
food,2
dwell,2
strain,2
shroud,2
mouth,2
wearied,2
knee,2
get,2
escaped,2
wing,2
springs,2
gallant,2
hazels,2
poets,2
mighty,2
lavish,2
sake,2
valley,2
0,2
dove,2
scale,2
hearts,2
thread,2
rush,2
soon,2
vain,2
trace,2
already,2
amber,2
look,2
stir,1
clap,1
soothing,1
shears,1
force,1
disgust,1
nurst,1
leg,1
begin,1
stubborn,1
retired,1
traverse,1
35,1
eddy,1
swan,1
shame,1
hell,1
word,1
blowing,1
52,1
daffodil,1
by-and-bye,1
linen,1
crag,1
requite,1
quite,1
prettiest,1
leaps,1
saint,1
nipping,1
withered,1
gruff,1
57,1
unclose,1
possession,1
drunken,1
beckon,1
tear,1
fellowly,1
con,1
bella,1
sprays,1
mortally,1
care,1
creed,1
learn,1
protect,1
unbosoming,1
espy,1
sand-sequestered,1
daffadilly,1
toadstool,1
dust,1
westward,1
reverberant,1
chose,1
matters,1
grave-stone,1
bloom,1
dress,1
skipping,1
revellings,1
farm,1
shone,1
wreathed,1
mortality,1
powers,1
dote,1
seems,1
resonant,1
tides,1
indifferent,1
relax,1
chorus,1
shore,1
heretofore,1
lorenzo,1
royal,1
dreadful,1
pellucid,1
pillow,1
privacy,1
search,1
tempestuous,1
estate,1
76,1
milking,1
27,1
purple-stained,1
tints,1
measures,1
o'erset,1
danced,1
corruption,1
awoke,1
languor,1
5,1
dew,1
painted,1
shouting,1
aeolian,1
thyself,1
checkt,1
watched,1
44,1
wave,1
whispering,1
twigs,1
possess,1
stop,1
rolled,1
lambkins,1
lived,1
courtly,1
christina,1
fondly,1
mournful,1
72,1
beauteous,1
intrusive,1
door,1
dawnlight,1
living—how,1
pelt,1
fingers,1
filled,1
deep-wave,1
shade,1
64,1
maintaining,1
chamber,1
swells,1
fine,1
faery-breed,1
evermore,1
chaunt,1
crouched,1
flicker,1
frosts,1
silenus,1
november,1
family,1
ebon-blue,1
sinning,1
dropt,1
cones,1
charon,1
dooms,1
sinner,1
thorny,1
pressure,1
sea-bird,1
fifty,1
broad,1
sucks,1
cavern,1
sipping,1
low,1
kind,1
mile,1
memories,1
dare,1
death-bed,1
sink,1
wakened,1
masters,1
bent,1
boy,1
booming,1
wavings,1
ambition,1
awed,1
sailed,1
bow,1
thinks,1
glass,1
rage,1
heels,1
simply,1
hoary,1
descend,1
around,1
nettle-green,1
weird,1
beyond,1
parlour,1
fauns,1
grassy,1
star,1
afar,1
push,1
tricksome,1
a-dying,1
field,1
graced,1
twilight,1
rockless,1
spies,1
moan,1
shaft,1
halfdivined,1
fatal,1
leafery,1
recess,1
leaf,1
oak-tree,1
egg,1
falling,1
shot,1
downward,1
thereto,1
goal,1
discrowned,1
pursue,1
strawberry-bed,1
swinging,1
fiendish,1
soothe,1
breaks,1
stretched,1
awake,1
corded,1
bank,1
crept,1
kine,1
m,1
lose,1
amaze,1
rehearse,1
phantasmal,1
glance,1
veins,1
jeers,1
",jarra",1
gurge,1
despite,1
corin,1
worried,1
lull,1
reviving,1
noon,1
daylight,1
clomb,1
sister,1
stems,1
loud,1
beguile,1
else,1
windy,1
7,1
wine-drops,1
surely,1
cherisheth,1
refusing,1
elude,1
shivered,1
frame,1
prodigal,1
snappeth,1
throw,1
course,1
moment,1
loosening,1
base,1
lucent,1
pinions,1
westerly,1
influences,1
fastness,1
stile,1
trembling,1
tied,1
treasure-graves,1
gods,1
decay,1
31,1
sharing,1
irises,1
maze,1
see-saw,1
crowded,1
lain,1
naked,1
float,1
until,1
clings,1
verily,1
ease,1
watches,1
chew,1
strikest,1
anything,1
gray-pate,1
plane-trees,1
hind-legs,1
sat,1
boon,1
whine,1
sun-smothered,1
up-flaming,1
effaced,1
retains,1
squashing,1
sallows,1
sleek,1
blushes,1
frolic,1
trebles,1
source,1
atropa,1
half-writ,1
21,1
september,1
continually,1
transmute,1
duvet,1
seas,1
8,1
75,1
print,1
smile-lit,1
crooked,1
small,1
bitten,1
clang,1
rises,1
shafts,1
pause,1
fore-ordained,1
shrine,1
fir,1
coat,1
forest-grave,1
jl,1
battle,1
a-bubble,1
adding,1
goodbye,1
tho,1
ensnaring,1
dreaded,1
b,1
rays,1
suck,1
uncoils,1
roll,1
lays,1
none,1
outlines,1
flock,1
pluck,1
lives,1
slight,1
n't,1
perfect,1
core,1
43,1
war,1
jangle,1
wrought,1
laughter,1
touches,1
fairs,1
eternal,1
strife,1
fondle,1
knits,1
directly,1
awe,1
barren,1
drain,1
boundary-sides,1
altered,1
muscle,1
toss,1
conception,1
waters,1
concealment,1
careful,1
drive,1
claws,1
foot-frequented,1
darkening,1
sleep-forsaken,1
bred,1
magic,1
start,1
thick,1
crystal,1
sinneth,1
allied,1
posies,1
proclaim,1
charms,1
endless,1
saints,1
rent,1
wandering,1
89,1
97,1
willow-trees,1
pressed,1
dally,1
infant,1
lipping,1
f,1
waves,1
snort,1
ye,1
mistress,1
grieve,1
cried,1
jaws,1
resist,1
offerings,1
quant,1
twist,1
duck,1
slow,1
nest,1
shook,1
designed,1
blithe,1
rigid,1
banhounds,1
hang,1
angry,1
looks,1
chilly,1
iris-sheaf,1
message,1
bees,1
market-streets,1
juicy,1
disproved,1
simple,1
bloweth,1
oak,1
fruition,1
flaming,1
mischief,1
defaced,1
38,1
creep.,1
secrets,1
couch,1
enter,1
earliest,1
reconciled,1
glimmerings,1
45,1
tired,1
swing,1
ruin,1
sentence,1
iris-heads,1
ravage,1
audacious,1
10,1
sappho,1
beauty,1
merry,1
serve,1
vale,1
part,1
offence,1
refluent,1
sweetest,1
chasing,1
woodbine,1
shades,1
curse,1
worst,1
46,1
friend,1
hurt,1
breed,1
devil,1
pathways,1
creatures,1
di,1
folded,1
turning,1
3^,1
17,1
pours,1
wench,1
blisses,1
disappear,1
unalterably,1
scoffstraightway,1
hill,1
satyrs,1
dropping,1
billows,1
forgotten,1
marge,1
shift,1
rounds,1
offences,1
agra,1
14,1
dearth,1
sought,1
wood,1
rehearses,1
grave-digger,1
gnarled,1
fever,1
timid,1
here,1
prepare,1
larch,1
tale,1
less,1
grown,1
glazing,1
throng,1
rooty,1
winged,1
sweetness,1
grows,1
elvan,1
fears,1
spinning,1
chimney-stack,1
bald,1
shows,1
earthquake-tumbled,1
ominous,1
transgression,1
became,1
outburst,1
hospital,1
scorching,1
neighbours,1
translucent,1
afternoon,1
i.,1
mail,1
delay,1
playmate,1
swoop,1
chaos,1
80,1
unembittered,1
bravery,1
plats,1
covering,1
orb,1
furiously,1
heat,1
summons,1
mix,1
missal,1
hues,1
known,1
cheeks,1
weep,1
beamy,1
boom,1
bird,1
wheeling,1
ineffectual,1
sheet,1
harden,1
pat,1
2,1
distances,1
intrusion,1
orchestra,1
doom,1
6,1
whirl,1
rainy,1
stones,1
vow,1
beasts,1
sides,1
o'er,1
drained,1
heads,1
clip,1
features,1
violet,1
heaves,1
fleets,1
apple-trees,1
token,1
listen,1
bat,1
burn,1
facets,1
ladies,1
seeing,1
tears,1
carelessly,1
distant,1
knot,1
shadows,1
jeered,1
imagine,1
trumpets,1
tallest,1
sights,1
oak-leaves,1
baited,1
crimson,1
replies,1
line,1
dreading,1
wood-dove,1
hedge,1
lusting,1
time,1
chest,1
thunder,1
expand,1
levin,1
9,1
require,1
passed,1
fourscore,1
hardly,1
skies,1
wilderness,1
hard,1
cornel-tips,1
clay,1
unison,1
finger-tips,1
drum,1
summer-clime,1
gambol,1
colour,1
rivers,1
15,1
leisure,1
stooped,1
scrip,1
oaks,1
threw,1
willow-tree,1
swaying,1
sparkle,1
goodly,1
70,1
hearts—life,1
heedless,1
hawthorn,1
combined,1
footprints,1
sheets,1
new,1
miss,1
lethe,1
drear,1
scarlet,1
shalt,1
lovers,1
heaving,1
fiery,1
fast-locked,1
stale,1
everything,1
swan-creatures,1
casket,1
melancholy,1
tossedo,1
worshipped,1
confluent,1
distance,1
unto,1
river,1
warble,1
12,1
fare,1
several,1
mocking,1
forbidden,1
sent,1
alley,1
smell,1
prayer,1
lonely-hearted,1
floating,1
tricks,1
spent,1
sounds,1
rosy,1
spiteful,1
rare,1
yea,1
pursued,1
plot,1
adorn,1
whist,1
hot,1
confine,1
sweet-fern,1
heard,1
primroses,1
height,1
ay,1
86,1
beech,1
squirrels,1
waken,1
apple-flower,1
unfamiliar,1
liquid,1
transient,1
drifted,1
ones,1
bosom,1
maize,1
jealous,1
van,1
society,1
dim,1
swirl,1
vessel,1
sobs,1
shrills,1
mar,1
peer,1
fervid,1
injured,1
blindingly,1
fetters,1
wrong,1
conceive,1
67,1
rim,1
waist,1
lyric,1
breath-stuff,1
deliver,1
whirling,1
top,1
intimate,1
coming,1
queen,1
suit,1
engulfs,1
sweets,1
twill,1
yelping,1
spoke,1
south,1
february,1
plump,1
92,1
shoulders,1
beechen,1
curses,1
bitter,1
craves,1
glowing,1
swooned,1
juice,1
glory,1
outline,1
rear,1
wring,1
try,1
harpers,1
harvest-secret,1
trailing,1
cornel-stem,1
budless,1
dusty,1
campo,1
bee,1
handful,1
ring,1
distressing,1
followed,1
morrow,1
tight,1
hallow,1
virgin,1
throbbing,1
leapt,1
woke,1
nodding,1
late,1
issues,1
satiate,1
tossed,1
embraced,1
unblessed,1
furzy,1
unimpeachable,1
lichen,1
desired,1
eastern,1
coyly,1
halloes,1
shakspere,1
closed,1
shouldst,1
traps,1
evening,1
twin,1
solemn,1
smooth,1
willow-branches,1
untimely,1
often,1
rooms,1
sigh,1
water-fowl,1
accurst,1
brimful,1
slighted,1
cyclamens,1
mankind,1
everywhere,1
thrust,1
champaign,1
freshwater,1
hanging,1
pride,1
slipt,1
aspen-leaflets,1
dares,1
rules,1
25,1
nothing,1
scour,1
bays,1
thrum,1
solitude,1
santo,1
unfurled,1
curve,1
moved,1
dropped,1
chatter,1
honey-bee,1
agreeing,1
vapour,1
sued,1
wander,1
sign-post,1
indian,1
changed,1
harry,1
zeus,1
mars,1
deem,1
delicate,1
flux,1
tomb,1
cliff,1
chafer,1
better,1
influence,1
stroke,1
harp,1
messages,1
thrummed,1
wincing,1
stirs,1
afloat,1
51,1
cherishing,1
flute,1
violets,1
24,1
your,1
prime,1
spell,1
hay,1
wrap,1
mine,1
giovinezza,1
stricken,1
misses,1
rock,1
arrowy,1
haste,1
ebb,1
squeeze,1
sign,1
*,1
dams,1
fired,1
ran,1
immortal,1
owind,1
attain,1
orison,1
judgment,1
harmonious,1
coffin-gate,1
uncertain,1
first-born,1
tresses,1
96,1
94,1
crushings,1
fecundity,1
hunted,1
innocence,1
veritable,1
myself,1
you,1
chilled,1
mid-eventide,1
shallows,1
90,1
hundred,1
mock,1
required,1
dingle,1
y,1
28,1
discloses,1
braver,1
rather,1
deadly,1
foremost,1
athirst,1
foam-crests,1
chances,1
track,1
74,1
burthened,1
chiselled,1
anon,1
ferns,1
fresh-dripping,1
16,1
82,1
counting,1
lov'st,1
voice,1
marish,1
touching,1
shrink,1
whips,1
sunshining,1
stirred,1
4,1
teeth,1
youthful,1
tortured,1
express,1
slept,1
crossed,1
commands,1
pool,1
pull,1
umbrage,1
iris-beds,1
neaum,1
lit,1
slideth,1
final,1
divineness,1
youngling,1
dumb,1
township,1
stain,1
40,1
lavished,1
48,1
foliage,1
grim,1
sense,1
mourners,1
member,1
swelling,1
50,1
bereaving,1
planted,1
coarse,1
59,1
cock,1
feathered,1
sighs,1
frighted,1
mountain-view,1
erased,1
tide,1
rushes,1
h,1
60,1
tinct,1
presence,1
sighed,1
vaporous,1
skilful,1
choose,1
spread,1
grapples,1
same,1
mountain,1
closes,1
tablets,1
pruning,1
heavenly,1
throb,1
firs,1
honey,1
13,1
feels,1
jar,1
palm-trees,1
26,1
grove,1
fed,1
palm,1
unseen,1
frisk,1
skirt,1
gorse,1
no!,1
pains,1
half-bud,1
•,1
sand,1
identity,1
honest,1
rest,1
looking,1
98,1
frosty,1
mixing,1
drives,1
zone,1
birds,1
rob,1
unfurl,1
high,1
forlorn,1
asleep;,1
mind,1
grind,1
permeable,1
royalties,1
dewy,1
knows,1
making,1
rapture,1
rue,1
ass,1
bacchic,1
61,1
grappled,1
47,1
woo,1
foxglove,1
combe,1
aland,1
derogate,1
steeped,1
noontide,1
slow-lighting,1
endowed,1
bend,1
blessed,1
wider,1
descent,1
passer-by,1
trouble,1
summer-wind,1
shock,1
lambs,1
unnoted,1
arrows,1
lass,1
stiller,1
unravel,1
olden,1
33,1
journey,1
hillside,1
drove,1
blond,1
throws,1
alien,1
whistle,1
high-and-away,1
repeals,1
stiff,1
eddied,1
point,1
solace,1
cruel,1
common,1
train,1
ken,1
creature,1
deeper,1
whiles,1
preface,1
moves,1
pollute,1
trance,1
swiftness,1
'st,1
swimming,1
preserve,1
shout,1
taken,1
"no,",1
wilt,1
road,1
hindrance,1
prefer,1
scorn,1
loughrico,1
distress,1
mystic,1
tie,1
quickened,1
heated,1
reason,1
midas,1
squirrel,1
cuckoo,1
crow,1
intrude,1
overmuch,1
catch,1
finger-marks,1
error,1
53,1
wall,1
marshals,1
1893,1
seeds,1
shining,1
71,1
69,1
fruit,1
tingling,1
frown,1
michael,1
booths,1
grave-plots,1
cyclamen,1
bowery,1
chins,1
88,1
circle,1
bride-feast,1
snares,1
faces,1
loves,1
furled,1
remission,1
100,1
chime,1
sojourn,1
t,1
eyne,1
plaint,1
65,1
cheers,1
exultantly,1
99,1
confines,1
pools,1
a-musing,1
mav,1
enhances,1
received,1
flesh,1
tiny,1
pebble,1
grit,1
unhappy,1
arraigning,1
ancient,1
hollow,1
sands,1
thickens,1
pick,1
hounds,1
formal,1
dry,1
freedom,1
knit,1
strove,1
unconfined,1
heroic,1
human,1
crop,1
ca,1
creator,1
smiled,1
planned,1
coffin,1
olives,1
fate,1
instruments,1
figure,1
closely,1
kingdoms,1
surge,1
knew,1
half-flower,1
croon,1
becomes,1
crabbed,1
tripping,1
note,1
purlieus,1
3,1
stamens,1
certain,1
66,1
unpolluted,1
ballad,1
harm,1
peach,1
illumined,1
thoughts,1
four,1
elated,1
blew,1
goblet,1
dancing,1
snatches,1
lo,1
boat,1
refrain,1
deny,1
feeble,1
95,1
vesture,1
sails,1
footsteps,1
dying,1
piercing,1
furrowed,1
hemisphere,1
thin-circled,1
scent,1
reply,1
latest,1
straw,1
finger,1
treacherous,1
x»7ft,1
elfin-race,1
vie,1
number,1
ways,1
unfathered,1
senses,1
re-invite,1
replenished,1
%,1
points,1
twine,1
graves,1
nimbler,1
doors,1
cud,1
bonds,1
fountain,1
lashes,1
widen,1
silver-lighted,1
beginning,1
zephyr-petal,1
called,1
waking—,1
pack,1
stream,1
yawning,1
whence,1
letters,1
scramble,1
packed,1
riot,1
spirts,1
nay,1
ago,1
burst,1
garden-hills,1
thankless,1
brim,1
moist,1
depart,1
nice,1
church,1
pondered,1
wrinkled,1
blissful,1
transfiguring,1
led,1
mould,1
game,1
dimpled,1
treason,1
11,1
blight,1
every,1
contour,1
branches,1
warmth,1
foams,1
stragglers,1
plod,1
fool,1
bee-like,1
hilly,1
scales,1
parting,1
ghosts,1
writ,1
upland,1
forest-trees,1
desires,1
blanch,1
passing,1
shed,1
into,1
aloft,1
unbar,1
73,1
glances,1
unmorose,1
gun,1
slumber,1
ajar,1
groves,1
festival,1
hosts,1
cowed,1
'mid,1
acid,1
heartening,1
bush,1
roost,1
ear,1
nature,1
wife,1
everyone,1
growing,1
bubbling,1
current,1
hearten,1
rends,1
lancl,1
crost,1
youths,1
turned,1
justified,1
limbs,1
dross,1
characteristic,1
vermilion-beads,1
springtime,1
ariadne—how,1
offspring,1
intercepts,1
lengthy,1
strew,1
18,1
fc,1
rideth,1
fretted,1
readers,1
hand-clasps,1
floor,1
curs,1
felicity,1
scarcely,1
gives,1
wend,1
left—the,1
whining,1
cares,1
entreat,1
lilies,1
fateful,1
68,1
wanders,1
sprouting,1
ariadne,1
wry,1
blinked,1
allowed,1
voiceless,1
tones,1
softly,1
march,1
fail,1
arms,1
embraces,1
autumn,1
menace,1
rose-patched,1
headstone,1
blot,1
shown,1
motion,1
shifting,1
cere-cloth,1
waste,1
seek,1
&,1
view,1
overtread,1
dapples,1
thirsty,1
20,1
shut,1
unclaimed,1
22,1
impenitent,1
mountain-tops,1
rides,1
mastery,1
sociable,1
ban,1
aphrodite,1
good-night,1
walk,1
lawn,1
noonday,1
crownless,1
choice,1
cleaving,1
unfold,1
weasel,1
weeping,1
ankle,1
spot,1
untethered,1
poet,1
servants,1
confusion,1
62,1
misfortune,1
nurse,1
medici,1
very,1
willows,1
dressed,1
mirage,1
divine,1
swore,1
myrtle-flower,1
call,1
