",",1801
the,1210
of,588
and,561
.,495
to,369
a,341
in,301
i,275
;,255
that,238
as,225
is,211
:,207
with,195
!,182
thy,163
from,154
on,149
my,142
his,127
thou,126
not,120
he,119
for,114
their,110
's,108
her,100
it,99
me,98
love,98
by,97
are,96
we,94
but,93
no,92
so,88
all,80
at,77
?,76
thee,75
,75
where,75
its,68
there,67
one,64
or,62
she,61
they,58
—,56
him,54
our,52
through,51
god,50
was,47
o,45
be,45
this,42
what,41
when,40
am,39
have,38
dead,38
leaves,38
them,36
nor,35
must,35
heart,35
more,35
how,35
art,34
yet,34
life,34
has,33
come,32
little,32
light,32
if,30
eyes,30
us,29
then,29
air,29
',28
sweet,28
great,28
spring,28
'st,28
will,27
upon,27
were,26
had,26
old,26
even,26
long,25
who,25
face,25
earth,24
down,24
time,24
forest,24
than,23
now,23
you,23
every,23
white,23
should,23
while,22
would,22
flowers,22
an,22
those,22
can,21
most,21
up,21
before,21
gold,21
see,21
very,21
stars,20
gone,20
each,20
beloved,20
wide,20
fair,20
breath,20
oh,20
night,20
years,20
some,20
far,19
may,19
again,19
thine,19
sun,19
death,19
die,18
shall,18
joy,17
day,17
open,17
out,17
wind,17
round,17
lips,17
do,17
these,17
deep,16
feel,16
soft,16
give,16
ah,16
clear,16
alone,16
let,16
till,15
never,15
such,15
summer,15
over,15
own,15
hand,15
doth,15
being,15
sight,15
power,15
sky,14
forever,14
about,14
silence,14
dream,14
rose,14
hast,14
age,14
passion,14
know,14
among,14
'mid,14
things,14
pain,14
wild,14
0,14
free,13
still,13
too,13
head,13
came,13
into,13
spirit,13
sing,13
roses,13
beside,13
hear,13
dost,12
secret,12
winter,12
fall,12
child,12
yea,12
mute,12
away,12
voice,12
spell,12
did,12
spread,12
forth,12
sea,12
like,12
cannot,12
left,12
music,12
dark,12
ver,12
young,12
men,12
found,11
lo,11
your,11
cheiron,11
king,11
laid,11
full,11
feet,11
dear,11
save,11
flame,11
strange,11
across,11
look,11
water,11
hath,11
year,11
mortal,11
side,11
crystal,11
woods,11
keep,11
stream,11
dreams,11
lament,11
break,11
fresh,10
blood,10
hands,10
leave,10
find,10
close,10
soul,10
back,10
thus,10
mother,10
set,10
song,10
low,10
fell,10
doom,10
speak,10
youth,10
been,10
sense,10
ever,10
though,10
only,10
cry,10
might,10
dew,10
days,10
any,10
fire,10
hair,10
man,10
world,10
tender,10
first,9
pure,9
land,9
loves,9
desire,9
many,9
rich,9
sudden,9
valley,9
bees,9
why,9
garden,9
falling,9
wings,9
nay,9
tomb,9
flower,9
green,9
befell,9
grace,9
senses,9
above,9
golden,9
pass,9
hills,9
bitter,9
rain,9
call,9
watch,9
thing,9
ease,9
delight,9
sigh,8
dumb,8
happy,8
two,8
name,8
infinite,8
aphrodite,8
seas,8
rest,8
trees,8
good,8
gaze,8
sometimes,8
hour,8
memory,8
heaven,8
ii,8
gods,8
solemn,8
heard,8
knows,8
way,8
behind,8
within,8
say,8
river,8
eye,8
without,8
nothing,8
last,8
beauty,8
blue,8
lovely,8
instant,8
lay,8
cold,8
hot,7
'er,7
lies,7
darkness,7
change,7
sad,7
honey,7
mid,7
vale,7
winds,7
grave,7
pleasure,7
grey,7
meet,7
bright,7
brown,7
shore,7
creature,7
drank,7
together,7
space,7
trumpets,7
new,7
silent,7
brow,7
fear,7
quiet,7
stood,7
wert,7
vision,7
solitude,7
after,7
thought,7
leaf,7
apart,7
nature,7
loneliness,7
cries,7
grass,7
fields,7
draw,7
drink,7
april,7
seen,7
apollo,6
rocks,6
son,6
zeus,6
desert,6
hollow,6
mine,6
sovereign,6
go,6
breathe,6
height,6
halls,6
stand,6
none,6
past,6
sleep,6
stay,6
dove,6
once,6
wise,6
creep,6
sorrow,6
another,6
himself,6
loved,6
against,6
comes,6
warm,6
bed,6
high,6
n,6
could,6
smile,6
wing,6
take,6
between,6
waters,6
blossom,6
chaos,6
part,6
poppies,6
beneath,6
breathed,6
living,6
trace,6
blow,6
strong,6
soon,6
fountain,6
],6
slowly,6
other,6
something,6
told,6
cloud,6
rise,5
sand,5
brought,5
broke,5
temples,5
hope,5
glorious,5
tranquil,5
shepherd,5
wood,5
tiny,5
chow,5
trembling,5
worship,5
lip,5
perpetual,5
place,5
bore,5
lit,5
near,5
dionysus,5
lord,5
tree,5
think,5
seeing,5
clouds,5
sharp,5
rock,5
behold,5
parting,5
turn,5
speech,5
few,5
silver,5
quick,5
x,5
passing,5
draws,5
bird,5
drips,5
loving,5
cathal,5
toward,5
flesh,5
cave,5
profound,5
moon,5
pool,5
kiss,5
feast,5
make,5
said,5
blooms,5
morning,5
lonely,5
meadows,5
lion,5
burthen,5
sign,5
force,5
stubborn,5
fierce,5
lose,5
shed,5
woman,5
looking,5
growing,5
passed,5
fifty,5
black,5
beyond,5
same,5
shrine,5
mountain,5
lonesome,5
ears,5
race,5
absence,5
drops,5
pressure,5
flames,5
track,5
noble,5
lone,5
1,5
dust,5
eros,5
drear,5
freedom,5
drop,5
-,5
floor,5
ground,5
tis,5
shining,5
asleep,5
blaze,5
whence,5
given,5
bring,5
shadows,5
made,5
bosom,5
grow,5
violets,5
saw,5
powers,5
harvest,5
mood,5
room,5
red,5
simple,5
plight,4
common,4
pale,4
spot,4
hidden,4
sacrifice,4
hours,4
touch,4
sway,4
safe,4
[,4
breathing,4
charmed,4
thyself,4
quatrains,4
itself,4
perfume,4
truth,4
grows,4
grove,4
city,4
nigh,4
idle,4
voices,4
small,4
home,4
clay,4
sundown,4
lands,4
thick,4
violet,4
fills,4
willy,4
grief,4
large,4
bear,4
praise,4
dull,4
fate,4
tombs,4
azure,4
which,4
blown,4
hate,4
off,4
human,4
watched,4
moving,4
mark,4
below,4
wandering,4
burn,4
true,4
fail,4
din,4
brood,4
farewell,4
standing,4
wonder,4
lizard,4
fill,4
whym,4
glory,4
foot,4
strength,4
pause,4
overhead,4
beat,4
dropt,4
rushes,4
looks,4
story,4
thrush,4
speed,4
burns,4
peace,4
creeping,4
sound,4
waste,4
spreads,4
house,4
charm,4
shadow,4
comfort,4
sweet-fern,4
wander,4
souls,4
rove,4
sweetness,4
lost,4
tears,4
dim,4
sands,4
ways,4
bowed,4
leav,4
record,4
ghost,4
dwell,4
hush,4
majesty,4
flow,4
taste,4
door,4
beating,4
fast,4
breast,4
fine,4
shower,4
grassy,4
adore,4
buried,4
cling,4
awhile,4
holy,4
just,4
took,4
birds,4
creatures,4
orchard,4
firm,4
lifts,4
stealthy,4
cuckoo,4
serene,4
lust,4
void,4
moist,4
scent,4
lie,4
cast,4
wizard,4
hell,4
ye,4
hades,4
iris,4
suffering,4
scarcely,4
bacchus,4
hydrangeas,4
under,4
singing,4
tread,4
drew,4
pan,4
created,4
ca,4
bloom,4
shade,4
to-day,3
ere,3
levin,3
alcyonian,3
strain,3
lids,3
v,3
lives,3
sure,3
altar,3
iii,3
woe,3
liberty,3
betwixt,3
twain,3
enna,3
seven,3
laws,3
pine,3
waves,3
follow,3
coming,3
musing,3
single,3
quickly,3
line,3
heaves,3
themselves,3
patient,3
fragrance,3
blowing,3
dare,3
create,3
listen,3
trembles,3
therefore,3
cheek,3
rush,3
dying,3
bank,3
start,3
steps,3
rim,3
moments,3
bound,3
whiteness,3
cut,3
'tis,3
clad,3
sunshine,3
ancient,3
mists,3
shoots,3
pours,3
undone,3
harsh,3
bands,3
cover,3
mould,3
hears,3
forget,3
motion,3
led,3
renewed,3
faith,3
tell,3
candles,3
feels,3
keeps,3
lamb,3
paw,3
noon,3
kind,3
swan,3
strife,3
snake,3
sin,3
despair,3
seal,3
argives,3
lilies,3
caught,3
hearts,3
kings,3
mintha,3
slight,3
sunset,3
sap,3
hum,3
sighs,3
horn,3
clamour,3
sober,3
stately,3
felt,3
footsteps,3
shrunk,3
slow,3
regret,3
mysteries,3
chafing,3
mouldering,3
dance,3
stranger,3
dusk,3
july,3
arms,3
disappear,3
plumes,3
precious,3
ate,3
fixed,3
temple,3
symbol,3
grown,3
battle,3
mourn,3
curse,3
ill,3
peril,3
abide,3
listening,3
whose,3
ship,3
times,3
rolled,3
softly,3
sheaf,3
lights,3
torrent,3
issues,3
petals,3
profile,3
frozen,3
dropping,3
leaf-green,3
follows,3
distant,3
gathered,3
token,3
corse,3
eve,3
withering,3
streams,3
gave,3
pearl,3
j,3
here,3
persea,3
cherries,3
grew,3
bliss,3
gift,3
heave,3
boughs,3
hoary,3
heavy,3
happiness,3
rhythm,3
perfumed,3
whole,3
win,3
vacant,3
iv,3
myself,3
mortality,3
brows,3
droop,3
slain,3
walk,3
tongue,3
passes,3
elsewhere,3
frame,3
welcome,3
transformations,3
eternal,3
rushing,3
heavenly,3
lays,3
upward,3
blossoms,3
crown,3
shone,3
fruit,3
kingdom,3
body,3
whom,3
recollection,3
sought,3
marge,3
thousand,3
fro,3
pang,3
forest-god,3
dawn,3
limbs,3
storm,3
semele,3
reach,3
funeral,3
haunt,3
possession,3
shades,3
flocks,3
surely,3
wall,3
canst,3
seems,3
current,3
wear,3
treasure,3
intense,3
sang,3
friday,3
cool,3
nostrils,3
mystery,3
measure,3
dreaming,3
fountains,3
lake,3
lover,3
homeward,3
ask,3
well,3
bergamo,3
mild,3
mouth,3
heat,3
madness,3
fading,3
fold,3
rear,3
careful,3
along,3
universe,3
touched,3
moss,3
end,3
gives,3
catch,3
touching,3
strike,3
much,3
angry,3
sullen,3
veil,3
afar,3
elms,3
intent,3
fount,3
autumn,3
waits,3
turns,3
quite,3
knowledge,3
wine,3
delicious,3
lifted,3
stands,3
enchanting,3
ball,3
tingling,3
limb,3
edges,3
flood,3
naked,3
chance,3
east,3
vast,3
hers,3
bell,3
trackless,3
murmur,3
beds,3
royal,3
halcyon,3
spirits,3
brief,3
return,3
path,3
alien,3
depths,3
snow,3
lift,3
trinity,2
memories,2
essence,2
tufts,2
lapping,2
tone,2
sunk,2
barges,2
christ,2
show,2
poor,2
desired,2
rustling,2
wend,2
lambs,2
souls',2
labour,2
shame,2
feature,2
reveller,2
sweets,2
plain,2
annoyed,2
four,2
heavens,2
plashing,2
spheres,2
dote,2
glad,2
profounder,2
profuse,2
ripple,2
faded,2
carry,2
work,2
r,2
feather,2
desolation,2
deeper,2
pant,2
charge,2
tides,2
utterly,2
hellebore,2
magic,2
blast,2
victim,2
opened,2
stir,2
compassion,2
honour,2
medes,2
heaved,2
angel,2
lightly,2
recent,2
rain-drops,2
haunts,2
right,2
father,2
prompted,2
redolence,2
security,2
shifted,2
promise,2
warmth,2
welcoming,2
received,2
taking,2
false,2
hebe,2
rather,2
inevitable,2
melting,2
twas,2
words,2
shalt,2
sleeps,2
descend,2
borne,2
branches,2
tide,2
stone,2
earliest,2
sire,2
pleasant,2
background,2
around,2
ocean,2
laughter,2
sees,2
crevice,2
regal,2
jaws,2
alpine,2
raiment,2
graves,2
sonnet,2
centuries,2
shine,2
knot,2
sole,2
banned,2
remembered,2
maidens,2
untarnished,2
royally,2
mate,2
verdure,2
immense,2
shooting,2
street,2
starve,2
front,2
armour,2
central,2
fibre,2
trailing,2
vintage,2
covered,2
gay,2
briars,2
moonbeams,2
troubled,2
athwart,2
spices,2
wail,2
thirst,2
feathers,2
month,2
flash,2
course,2
goal,2
higher,2
walked,2
thee—,2
wrapt,2
waft,2
died,2
offered,2
crag,2
pole,2
doorway,2
breeze,2
countenance,2
hurt,2
ghosts,2
/,2
temptation,2
violin,2
plastic,2
lyric,2
limit,2
spent,2
sword,2
appeal,2
broken,2
hunter,2
pansies,2
lifting,2
ripe,2
egypt,2
neck,2
realms,2
confer,2
daisy,2
languid,2
wont,2
muter,2
muffled,2
titans,2
cloak,2
settles,2
jealous,2
rapid,2
careless,2
vines,2
slipped,2
israel,2
palimpsest,2
genius,2
heights,2
baudelaire,2
crowned,2
pledge,2
sons,2
cleaves,2
brings,2
saith,2
clinging,2
skies,2
gratitude,2
busy,2
bounty,2
hold,2
sooner,2
kindling,2
smiled,2
brushed,2
bier,2
turning,2
osiris,2
stoop,2
awful,2
summers,2
wondrous,2
ardour,2
prince,2
burial,2
clarions,2
brand,2
herself,2
slack,2
walls,2
sorrowing,2
peer,2
laying,2
move,2
blew,2
hangs,2
absalom,2
fame,2
wring,2
crouched,2
piercing,2
wave,2
clings,2
dwelt,2
declines,2
boy,2
gathering,2
wrong,2
crying,2
lack,2
shook,2
mingling,2
fir,2
taught,2
blank,2
flora,2
since,2
giants,2
greater,2
sorrows,2
gliding,2
breasts,2
blind,2
wind-flowers,2
morning-rains,2
torch,2
stares,2
seemed,2
bold,2
linen,2
strays,2
terrible,2
draught,2
stems,2
bent,2
wouldst,2
command,2
reeds,2
thrust,2
rule,2
demons,2
wintry,2
worth,2
throne,2
icy,2
sonnets,2
plays,2
blows,2
beholding,2
oak,2
lute,2
unseen,2
lets,2
hollows,2
garlands,2
relax,2
perilous,2
arrows,2
contend,2
locks,2
broad,2
fled,2
ram,2
lucent,2
rounded,2
ritual,2
pains,2
hazel,2
dewy,2
queens,2
dared,2
radiance,2
spin,2
filled,2
met,2
plume,2
supreme,2
voyage,2
perfect,2
bereaves,2
oxford,2
herbage,2
three,2
grapes,2
hearth,2
acute,2
catkins,2
oaks,2
decline,2
wound,2
giving,2
fits,2
becomes,2
reappear,2
crave,2
mind,2
fix,2
nightfall,2
pressed,2
fares,2
listened,2
possible,2
boon,2
splendour,2
state,2
plenitude,2
roam,2
balm,2
bland,2
shapes,2
chief,2
empowers,2
oft,2
burning,2
mass,2
gulf,2
ring,2
blithe,2
reed,2
lightning,2
penetration,2
prey,2
gems,2
employ,2
train,2
done,2
learn,2
damp,2
shudder,2
13,2
ponder,2
huge,2
sighed,2
region,2
droppeth,2
note,2
trust,2
ecstasy,2
sylvan,2
use,2
immeasurable,2
salute,2
backward,2
david,2
sleeping,2
yourself,2
silently,2
unawares,2
tempts,2
caress,2
ixion,2
haggard,2
solitudes,2
demi-god,2
word,2
athens,2
withdraws,2
ride,2
haze,2
•,2
seasons,2
heaped,2
ariadne,2
threaded,2
tilth,2
beech,2
alcithoe,2
drawest,2
bereft,2
isaac,2
thyme,2
hanging,2
wait,2
driven,2
joyously,2
anemones,2
mad,2
hill,2
sweet-briar,2
snuff,2
beach,2
plunged,2
adonis,2
pinions,2
receive,2
pines,2
withered,2
constancy,2
begin,2
form,2
spend,2
paws,2
enters,2
ebb,2
turned,2
lingering,2
ferns,2
balsam,2
theatre,2
sanctuary,2
shock,2
reality,2
queen,2
varying,2
vine,2
greet,2
moment,2
brimming,2
lesser,2
enfeebles,2
grain,2
glow,2
presence,2
defeat,2
arm,2
freshness,2
knowing,2
ripples,2
remote,2
sailing,2
torment,2
dewdrops,2
prate,2
mountains,2
enchanted,2
provocative,2
saint,2
wet,2
incense,2
later,2
sits,2
beams,2
sink,2
source,2
flowering,2
onward,2
lyre,2
exultation,2
perpetually,2
a',2
courage,2
wrought,2
watches,2
lusty,2
brake,2
hide,2
seat,2
mystic,2
amber,2
finger,2
reared,2
reply,2
pondering,2
\,2
dome,2
bowing,2
flows,2
moods,2
nook,2
covering,2
panes,2
thunder,2
dies,2
thief,2
closer,2
aspic,2
leafy,2
fleet,2
issue,2
moonlight,2
tall,2
asleep.,2
miss,2
extremity,2
covenant,2
obey,2
roar,2
fulfils,2
reaches,2
temptations,2
evening,2
ammon,2
abides,2
sapphire,2
sings,2
skin,2
adoration,2
moved,2
bare,2
feeds,2
mask,2
english,2
beauteous,2
tosses,2
remain,2
fanned,2
invocation,2
minute-hand,2
massy,2
bathsheba,2
icicles,2
horns,2
play,2
unity,2
film,2
downward,2
ivories,2
terraces,2
suddenly,2
wonderful,2
sacred,2
'n,2
—how,2
firs,2
keen,2
coil,2
frail,2
scents,2
thin,2
arrow,2
stare,2
wayfaring,2
almost,2
flung,2
crept,2
trod,2
sprung,2
bunches,2
flush,2
tense,2
bride,2
larger,2
built,2
fragrant,2
hundred,2
pride,2
filmy,2
clean,2
blest,2
buds,2
dearth,2
reveille,2
web,2
image,2
nests,2
echoes,2
musical,2
failed,2
verse,2
missed,2
sear,2
tumult,2
domina,2
tinct,2
october,2
notes,2
solomon,2
...,2
scythe,2
pace,2
rage,2
lynx,2
star,2
content,2
flicker,2
meeting,2
shout,2
fashion,2
wilt,2
knee,2
shines,2
shadowing,2
shell,2
smiling,2
double,2
ruby,2
),2
gardens,2
silenus,2
avowal,2
dreamed,2
portrait,2
prayer,2
known,2
september,2
dress,2
window,2
sinks,2
store,2
shred,2
sod,2
pathway,2
ebbtide,2
parthians,2
purple,2
muses,2
dry,2
bacchic,2
budding,2
jerome,2
angels,2
bubbles,2
closed,2
solitary,2
care,2
mounds,2
fury,2
secretly,2
range,2
severed,2
people,2
outside,2
flee,2
choice,2
drive,2
remember,2
sealed,2
giver,2
leisure,2
beautiful,2
need,2
hall,2
moan,2
sweet-basil,2
fret,2
country,2
fond,2
quietness,2
tintoret,2
stricken,2
tip,2
won,2
sombre,1
require,1
semblance,1
forgot,1
forgetting,1
bog-turf,1
soundless,1
stir—,1
anet,1
dense,1
buzz,1
recollect,1
flushing,1
aisle,1
bars,1
fearful,1
unlit,1
wreathed,1
bitterness,1
vex,1
ne,1
glories,1
■if,1
foam,1
cruise,1
rampant,1
mirror,1
infinitude,1
mangled,1
vespere,1
virgins,1
slips,1
perished,1
glitter,1
stallions,1
gathered—not,1
delicate,1
shrilly,1
answer,1
tasted,1
31,1
179,1
stripling—mitre-crowned,1
dancing,1
laughs,1
barberry,1
grieves,1
enow,1
savagery,1
sentinel,1
overtakes,1
ice-plants,1
errand,1
discourse,1
lurks,1
mortals,1
south,1
rug,1
concert,1
encountereth,1
skyey,1
courtesy,1
babbles,1
wearily,1
strikes,1
heads,1
to!,1
aspen,1
harbouring,1
forelights,1
slumber,1
lihl,1
blackness,1
gates,1
grape-vine,1
fox,1
surging,1
pierce,1
dial,1
cranny,1
thunder-rolls,1
145,1
bleeds,1
burthened,1
cheated,1
sangrael,1
ruffle,1
cruel,1
l,1
thee—yet,1
on—the,1
mixed,1
crumpled,1
sharp-cut,1
skims,1
joab,1
ripening,1
37,1
virgin,1
tentacles,1
remoter,1
vouchsafing,1
rave,1
grew],1
assailed,1
cerulean,1
centaur,1
tafnftft,1
slept,1
reserved,1
strands,1
nation,1
gleam,1
moistened,1
concentred,1
misery,1
simpleness,1
influence,1
'm,1
having,1
whimsical,1
wandered,1
pull,1
draughts,1
attests,1
worn,1
dawns,1
moorland,1
persephone,1
arched,1
leafily,1
a-hum,1
shuffled,1
spake,1
springtide,1
bewildereth,1
lentils,1
oppose,1
scattering,1
defence,1
beak,1
term,1
simplicity,1
imbowered,1
fir-cone,1
intact,1
lair,1
from—take,1
pursuance,1
correggio,1
tick-tack,1
nameless,1
insufferable,1
oak-leaves,1
agate,1
endued,1
leaving,1
bursting,1
reigneth,1
procession-wise,1
clench,1
enchantment,1
strickenmy,1
181,1
bones,1
jars,1
disturbed,1
absent,1
elements,1
entering,1
tithonus,1
palmer-worm,1
wanton,1
coral,1
o'er,1
meets,1
fingers,1
strangeness,1
disapparelled,1
dishevel,1
predestined,1
miel,1
loosening,1
rising,1
stilled,1
bled,1
reedy,1
car,1
robin,1
divans,1
wave-forsaken,1
rested,1
daffodil,1
smell,1
crested,1
buzzing,1
calls,1
myrtle,1
outstretched,1
mesh,1
incensing,1
venus,1
wore,1
appeasement,1
cheating,1
guardians,1
gripped,1
raw,1
toss,1
muster,1
baked,1
a-swim,1
grides,1
harps,1
argosies,1
willows,1
wakens,1
stiller,1
foolish,1
flower-stand,1
circumstance,1
ice,1
bears,1
aptness,1
wide-spreading,1
anything,1
nickering,1
167,1
deserts,1
trumpeter,1
nuts,1
napes,1
adieux,1
delightsome,1
chin,1
fallow,1
throat,1
furnish,1
called,1
piteous,1
severing,1
swaying,1
mystical,1
planned,1
hopes,1
primrose-croft,1
rejoicing,1
paused,1
beats,1
ramparts,1
writing,1
provoked,1
87,1
inconceivable,1
egyptian,1
nightingale,1
apples,1
busy-ness,1
meridian,1
frangipanni,1
marvellous,1
passeth,1
beset,1
me—,1
neglect,1
iv6d,1
«,1
grape-hyacinth,1
lying,1
drawn,1
glassy,1
armed,1
glittered,1
loathesome,1
uplifted,1
murderer,1
forsaken,1
night-time,1
109,1
—with,1
tho,1
45,1
fervently,1
pray,1
draining,1
shun,1
frost,1
tenderly,1
rearward,1
tissue,1
present,1
passage,1
crop,1
degrees,1
summon,1
whortle-covert,1
measures,1
paths,1
trembled,1
daughter,1
enjoy,1
gavest,1
—the,1
lacks,1
rains,1
iji,1
plea,1
suit,1
rimming,1
cheat,1
perturb,1
mercury,1
tribute,1
firmament,1
grim,1
swim,1
loath,1
devised,1
attain,1
tragedy,1
rhone,1
amain,1
egress,1
nestless,1
:—a,1
substances,1
field-fares,1
constant,1
softens,1
understand,1
briony,1
equipt,1
corn,1
131,1
deeply,1
hillsides,1
57,1
hastening,1
mars,1
shy,1
sternly,1
molest,1
mingled,1
doted,1
silver-golden,1
worcester,1
spray,1
naiades,1
turneth,1
cradle,1
altereth,1
sunstrokes,1
exclusion,1
onycha,1
gifts,1
enmities,1
macris,1
half,1
jacinth,1
hurricane,1
scales,1
obeys,1
reticence,1
visit,1
gushing,1
continuously,1
witlessly,1
hostile,1
thwarting,1
key,1
recoiled,1
spinet,1
shadowy,1
rude,1
sins,1
flanked,1
amorous,1
nice,1
dart,1
mysterious,1
coiling,1
colonna,1
aphony,1
rent,1
alive,1
hover,1
boast,1
ice-stubborn,1
crevices,1
ran,1
be—is,1
foreign,1
twenty,1
bethlehem,1
better,1
endure,1
cry—my,1
sets,1
vivid,1
blacker,1
whelm,1
trots,1
fears,1
seek,1
gulley,1
sweet-gale,1
flowing,1
colonnade,1
allies,1
earthy,1
sputter,1
laughed,1
isotta,1
tumble,1
buckle,1
plantain,1
fresh-beloved,1
offer,1
wider,1
acrisius,1
furze,1
chimes,1
stories,1
twinkling,1
101,1
spears,1
sounds,1
wept,1
enthrone,1
impatient,1
breaking,1
hour-glass,1
kctoro/tat,1
ft,1
dross,1
horrors,1
stretches,1
[i,1
fuming,1
voluptuously,1
swung,1
gall,1
drenched,1
!—but,1
cushioning,1
rehearse,1
erects,1
sore,1
ravish,1
returns,1
waken,1
dures,1
xiii,1
frustrate,1
island,1
shifting,1
theme,1
wheel,1
aether,1
nestling,1
sun-laced,1
distance,1
133,1
cave—,1
remembrance,1
utter,1
willing,1
phantoms,1
obliterate,1
flower-heads,1
avoid,1
solitariness,1
fleece,1
sceptres,1
edge,1
celestial,1
noisome,1
rare,1
brush,1
appears,1
pears,1
waftage,1
whitening,1
thee—nature,1
presences,1
invokes,1
fairest,1
abishag,1
plenteously,1
repeat,1
drift,1
brain,1
mane,1
lightened,1
s,1
vocative,1
cuts,1
brink,1
writhing,1
peacock,1
sweet—the,1
blasts,1
silverly,1
bashful,1
flying,1
married,1
making,1
curb,1
smaller,1
sprite,1
untoward,1
escape,1
laughing,1
forked,1
parted,1
brighten,1
f,1
wood-lair,1
[in,1
hail,1
quickened,1
hung,1
betray,1
races,1
cleopatra,1
aloofness,1
outspread,1
waterfall,1
rimini,1
shouted,1
writ,1
solicitude,1
throughout,1
inaccessible,1
dog,1
significance,1
miracles,1
169,1
daze,1
59,1
fade,1
stooping,1
twos,1
smote,1
belongs,1
madly,1
become,1
push,1
33,1
engage,1
sky-blue,1
fritillaries,1
tendeth,1
sliding,1
dooms,1
time-burnished,1
ambrosia,1
scanned,1
perceived,1
mindful,1
jest,1
hungers,1
coverest,1
147,1
quire,1
warder,1
gallery,1
benison,1
quality,1
quietly,1
rome,1
inward,1
vague,1
sat,1
terror,1
descried,1
gossip,1
weep,1
renews,1
open—not,1
smothering,1
heretofore,1
spluttering,1
blossom-drops,1
embalmment,1
hesperides,1
gem,1
cross,1
171,1
winning,1
revolve,1
ebbed,1
coralline,1
waited,1
pile,1
cherishes,1
8u,1
benignant,1
goldfish,1
hazes,1
centre,1
concealing,1
undulate,1
anguish,1
by—o,1
rhythmic,1
enwomb,1
swims,1
faints,1
balsams,1
alder-strand,1
singeth,1
sheer,1
recovered,1
trammel,1
antiope,1
miracle,1
drifted,1
cage,1
axle,1
saint-like,1
rock-side,1
41,1
cell,1
helm,1
littering,1
m,1
raucous,1
straight,1
airless,1
lion-creature,1
miles,1
declined,1
divert,1
bade,1
signal,1
claim,1
fiery,1
riot,1
briar,1
makest,1
flock,1
173,1
sitting,1
eleutherios—i,1
reveal,1
stout,1
mines,1
sepulchre,1
trespass,1
clears,1
spare,1
149,1
blackened,1
tempests,1
fostering,1
concentrate,1
wronged,1
plates,1
fareth,1
scourges,1
procession,1
rowing,1
race-lightning,1
wove,1
stinging,1
duskily,1
feelest,1
striking,1
buoyancy,1
leda,1
deploying,1
blindfold,1
poet,1
syrinx—she,1
row,1
sculpture,1
pith,1
raise,1
knoweth,1
chalices,1
spreading,1
beeches,1
decay,1
sally,1
ineffectual,1
21,1
spice,1
neck-bend,1
impregns,1
rood,1
elves,1
caverns,1
sundered,1
deserted,1
pink,1
remorsefully,1
main,1
starry,1
chariclo,1
wondering,1
chair,1
settle,1
invoke,1
eclipse,1
triumphing,1
held,1
long-prisoned,1
mean,1
107,1
hazel-dell,1
chiselling—what,1
religion,1
wilderness,1
bird-fluttered,1
scale,1
split,1
nymph,1
ray,1
tarnished,1
traverse,1
snap,1
97,1
holly,1
mummied,1
water-lily,1
concentrates,1
coils,1
deep-grained,1
vie,1
wreath,1
commingled,1
char1cl0,1
put,1
looked,1
fir-trees,1
woodmen,1
sunstruck,1
lingers,1
161,1
ticking,1
employs,1
multiplied,1
crouch,1
—breathing,1
lotus-flower,1
mazed,1
greensward,1
swish,1
rippled,1
host,1
profoundness,1
divine,1
incommensurate,1
d(,1
west,1
quaff,1
torch—one,1
love—my,1
increase,1
crossed,1
procne,1
coppice,1
despised,1
adonijah,1
hurtled,1
gibb,1
lucid,1
wearied,1
unknown,1
warms,1
€kti,1
spiny,1
cursed,1
meseemed,1
unaccomplished,1
freighting,1
satyrs,1
china,1
hoof,1
lamps,1
furtive,1
glossy,1
noiselessly,1
farmsteads,1
hooded,1
nile—yet,1
swells,1
sank,1
unburied,1
ice-eating,1
no!,1
somnolence,1
rivers,1
fixedly,1
grand,1
thrill,1
twines,1
falling—ah,1
hat,1
asunder,1
offers,1
fellowship,1
cherishing,1
bubbling,1
these—,1
blent,1
leafage,1
^eoliae,1
fox-glove,1
disillusions,1
dew-white,1
shores,1
opening,1
echo,1
pressing,1
abraham,1
kindred,1
mezereon,1
adown,1
accord,1
crisis,1
shells,1
lidless,1
appals,1
roofs,1
kara,1
committed,1
wreaths,1
breakest,1
scope,1
unfrighted,1
justly,1
shoulders—why,1
edinburgh,1
undreamed,1
enchant,1
confront,1
marish,1
humbled,1
159,1
smear,1
feeding,1
havoc,1
stones,1
rook,1
fungus-path,1
footprint,1
marks,1
verdant,1
bee-note,1
glee,1
prisoned,1
haunteth,1
voiceful,1
stock,1
mirrors,1
claw,1
aspect,1
incommunicable,1
shyer,1
mingle,1
nevermore,1
hood,1
wrestled,1
stirs,1
eden,1
grit,1
upper,1
ascending,1
devoted,1
honeysuckles,1
fissures,1
shined,1
violence,1
needles,1
hugely,1
deepest,1
vigorous,1
february,1
messenger,1
reliquary,1
murmuring,1
magnificent,1
unearthed,1
rend,1
desires,1
manuscript,1
brake-fern,1
drowning,1
17,1
behest,1
roused,1
flaws,1
lend,1
shapethou,1
myrrh,1
pavement,1
eager,1
dells,1
peat,1
abroad,1
languorous,1
column,1
feed,1
dusty-footed,1
refreshing,1
winging,1
stoat,1
midsummer,1
bravely,1
desertion,1
29,1
skirt,1
king—there,1
gold—a,1
sniffing,1
77,1
sweetest,1
sovereignly,1
unsuspected,1
mildness,1
risen,1
nelson,1
marred,1
langtry,1
mouldered,1
warmed,1
altars,1
smiles,1
wheresoe,1
morrison,1
numbed,1
floating,1
avow,1
entice,1
trysting,1
smoking,1
threads,1
full-heaped,1
whisperings,1
smoke,1
purged,1
beast,1
hunting-ground,1
remove,1
caw,1
manifold,1
toneless,1
jewel,1
dimples,1
caressing,1
—this,1
dun,1
pimpernel,1
hoof-print,1
idols,1
lashes,1
forum,1
hedgrows,1
lump,1
spider,1
seaweeds,1
bronze,1
interpret,1
companies,1
confided,1
67,1
prophets,1
statue,1
renewal,1
yew,1
limns,1
quires,1
root,1
noise,1
desert-land,1
bathing,1
arcadian,1
goest,1
99,1
knells,1
swirls,1
colour,1
whiten,1
honey-mingling,1
hyacinths,1
interfuse,1
frailness,1
rampart,1
amort,1
weary,1
seraphim,1
aside,1
aromatic,1
smooth-rushing,1
whilst,1
inconstant,1
permanence,1
39,1
fabric,1
verity,1
bell-heads,1
thither,1
asleep;,1
fresh-pierced,1
tune,1
honey-cake,1
restless,1
carries,1
glowing,1
abode,1
rumour,1
welcomed,1
storms,1
plucking,1
destroyed,1
stretching,1
tangling,1
lap,1
blesses,1
kneel,1
infidel,1
retire,1
knew,1
crags,1
lean,1
^olian,1
divinest,1
guardian,1
enstifled,1
footprints,1
oil,1
tended,1
fresh-struck,1
cycle,1
effulgence,1
mulberry-berried,1
interpreteth,1
crosses,1
ranged,1
born,1
mounts,1
leap,1
stills,1
unconsciously,1
coast,1
gloom,1
stroke,1
rolling,1
jocund,1
callow,1
fleet-faring,1
multiply,1
astir,1
stigmata,1
inert,1
contents,1
pollen-coloured,1
wrote,1
sown,1
high-born,1
loosed,1
bat,1
daisies,1
crook,1
ponds,1
chains,1
commended,1
whetting,1
falls,1
down-drop,1
weeds,1
knocks,1
gather,1
camel,1
sunlight,1
wailing,1
swell,1
inclined,1
profit,1
immature,1
163,1
hierarchy,1
strewn,1
ships,1
clung,1
pattern,1
speckle,1
forests,1
riseth,1
tiger,1
fronts,1
slipt,1
pane—,1
heroes,1
prophecy,1
rune,1
remorse,1
seedling,1
stopped,1
155,1
sullenness,1
clue,1
theseus,1
fare,1
choose,1
serve,1
shrill,1
ebbing,1
swath,1
ledge,1
guilty,1
elation,1
undefended,1
cassia-stems,1
drouth,1
obscure,1
balmier,1
seals,1
pores,1
raciness,1
us—not,1
torpidity,1
bearing,1
glade,1
freeing,1
bramble,1
altar-stones,1
ore,1
ridges,1
leads,1
juice,1
hug,1
device,1
sleep.,1
dawn-track,1
sunlessness,1
captain,1
blossom-trail,1
hereafter,1
voluptuous,1
chills,1
locked,1
teat,1
crowning,1
votary,1
thurible,1
gav,1
unfolded,1
humming,1
genial,1
unaware,1
marked,1
softer,1
bush,1
strive,1
banquo,1
embalmed,1
rustical,1
crooned,1
's-milk,1
incurious,1
prolific,1
minutes—be,1
reluctant,1
copse,1
sobs,1
murmured,1
jasper,1
silvan,1
refresh,1
broods,1
overlooketh,1
fondled,1
beginning,1
deer,1
aud,1
faring,1
latest,1
needs,1
hear—,1
—saw,1
went,1
scaring,1
vain,1
conflicts,1
27,1
hollowly,1
clip,1
shakes,1
chariots,1
night—a,1
sileni,1
^,1
startle,1
exceeding,1
revel,1
emits,1
leash,1
distances,1
91,1
leapt,1
hint,1
sunbeams,1
live,1
pierces,1
her—i,1
delays,1
dullard,1
teaze,1
bond,1
maze,1
soothsay,1
toils,1
hill-brow,1
191,1
derision,1
formless,1
inept,1
71,1
swooned,1
nebta,1
chestnut-ramparts,1
outlived,1
travellers,1
redeem,1
joys,1
-x,1
tremble,1
confines,1
primal,1
tumultuous,1
hastes,1
white-faced,1
cherry,1
muteness,1
eventide,1
besiegeth,1
rims,1
closely,1
shedding,1
orgies,1
antique,1
lighted,1
odour,1
veiled,1
limes,1
horses,1
choruses,1
shelf,1
65,1
sapphires,1
intenseness,1
folded,1
harm,1
mitre-points,1
pastures,1
hist,1
flaw,1
style,1
reaps,1
watching,1
ghostly,1
defect,1
arabian,1
shag,1
topaz,1
ravished,1
143,1
deploring,1
lain,1
divineness,1
anointing,1
proserpine,1
tranquillity,1
browns,1
manhood,1
wattle-sheepfold,1
creation,1
stalk,1
harmonies,1
hedgerows,1
comforted,1
sunday,1
presently,1
oppress,1
continuous,1
incomparable,1
inlet,1
flew,1
slumbering,1
poets,1
windy,1
fresher,1
withdraw,1
myrtle-root,1
broidery-frame,1
dole,1
fresh-nipt,1
calamities,1
weep;,1
climbeth,1
glide,1
mix,1
oppressive,1
untroubled,1
searches,1
secrecy,1
courts,1
185,1
hard,1
group,1
goddesses—his,1
spinning,1
breezy,1
hollies,1
mummy,1
drill,1
miasma,1
rout,1
reed-bed,1
screen,1
--.,1
clanging,1
presumptuous,1
!—and,1
elm,1
exprest,1
fulfil,1
suffers,1
marvellously,1
sick,1
roundly,1
showers,1
clumps,1
misted,1
diverse,1
plotted,1
gathereth,1
farness,1
cantharus,1
untarnishable,1
shot,1
assuaging,1
thickening,1
vans,1
cradleth,1
forego,1
does,1
brilliancy,1
queenship,1
ape,1
63,1
appease,1
165,1
profusion,1
hut,1
wrestling,1
pyre,1
121,1
heaps,1
haste,1
s*,1
dwelleth,1
pomp,1
contest,1
thou—those,1
weapons,1
shoot,1
choir,1
liquid,1
suspect,1
abate,1
leant,1
fairer,1
satyr,1
creating,1
jealously,1
129,1
mastery,1
similitude—,1
limpid,1
him—and,1
lauguor,1
183,1
gnomes,1
tempestuous,1
■,1
bergamot,1
light—gold,1
prime,1
sunbreak,1
189,1
window-pane,1
ribs,1
laden,1
maid,1
honouring,1
wide—,1
disappears,1
dissolve,1
gentle,1
get,1
colouring,1
particular,1
%,1
a-gape,1
123,1
fashioned,1
accept,1
attune,1
ones,1
wanderings,1
allegiance,1
eddies,1
breathless,1
hallow,1
smooth,1
so—the,1
cause,1
potency,1
rob,1
parched,1
master,1
upbraided,1
",—a",1
foe,1
savage,1
garnered,1
!—even,1
gum,1
poured,1
intrepid,1
127,1
troubling,1
listener,1
reeling,1
deed,1
unfinished,1
hops,1
couch,1
tendril,1
pulse,1
bushy,1
bay,1
herb,1
question,1
glinted,1
on—to,1
narrow,1
bending,1
fillet,1
tempest,1
anoints,1
declining,1
bane,1
glaphyrus,1
threes,1
surrendered,1
cawing,1
worshipped,1
praying,1
otherwhere,1
interminable,1
surprise,1
darksome,1
curious,1
flitting,1
enwound,1
meaning,1
35,1
couches,1
olympian,1
woes,1
cares,1
befalling,1
mutilate,1
awe,1
field,1
sensuously,1
~v,1
dirge,1
freshened,1
echoless,1
trumpet,1
counted,1
noontide,1
fig-leaf-dropping,1
—o,1
lick,1
doing,1
crust,1
drooped,1
forest-land,1
clutch,1
yarrow,1
varied,1
temper,1
ban,1
sea-faring,1
willow,1
stared,1
symbols,1
hurrying,1
fight,1
dewing,1
smoothest,1
complain,1
opal,1
greatly,1
vigour,1
tranquilly,1
printed,1
appal,1
kaleidoscopic,1
censer,1
six-toed,1
myriad,1
heal,1
weeping,1
shame—,1
enforce,1
rubs,1
laugh,1
arts,1
await,1
passionate,1
craves,1
*n,1
freshen,1
lion-goddess,1
slender,1
boles,1
themis,1
swam,1
iron,1
night—come,1
late,1
richness,1
relate,1
throbbing,1
victory,1
serpent,1
quarrel,1
finest,1
vervain,1
vulgate,1
unchallenged,1
secure,1
knees,1
webs,1
urgent,1
eddying,1
accomplishing,1
nurture,1
chafe,1
resting,1
imparts,1
hatred,1
calmed,1
leaf-forsaken,1
monument,1
dam,1
contour,1
19,1
base,1
—if,1
yes,1
unsentried,1
mode,1
ap(<tktiv,1
tryst,1
tardy,1
fastens,1
carcase,1
crumble—prick,1
turf,1
implacable,1
thoughts,1
household,1
sporting,1
assuming,1
125,1
dusky,1
wind—whence,1
demand,1
trail,1
193,1
clematis,1
princes,1
distorted,1
playing,1
perchest,1
lifts—a,1
gorgon,1
divined,1
deep-nosing,1
dressed,1
strives,1
garland,1
crime,1
bloodshed,1
carriage,1
piping,1
perfumes,1
thirsty,1
doors,1
swiftly,1
carnal,1
ancona,1
know—ah,1
clomb,1
ashes,1
clamours,1
purple-eyed,1
patter,1
goat,1
never-tainted,1
india,1
15,1
cleared,1
attribute,1
anger,1
cuchulain,1
burst,1
timber,1
sow,1
half-haze,1
meek,1
clogged,1
subtle,1
shut,1
breezes,1
tassels,1
enjoyed,1
clock,1
audacious,1
binding,1
thorn,1
swans,1
snort,1
139,1
hides,1
rays,1
sappho,1
swifter,1
spite,1
rite,1
glance,1
roareth,1
tramplings,1
withdrawn,1
tmv,1
humbleness,1
abhorred,1
lines,1
duteous,1
orphan,1
scaurs,1
news,1
stamps,1
cease,1
spangles,1
coverlet,1
waxy,1
fates,1
boundless,1
odours,1
113,1
sleep—a,1
winged,1
unperceived,1
covet,1
tight,1
soil,1
gladness,1
thickly,1
drinks,1
voyaging,1
incorrupt,1
stops,1
slaves,1
floods,1
dint,1
shake,1
elvan,1
phalanx,1
slope,1
afric,1
gradual,1
eremite,1
—then,1
spring-tide,1
drunkard,1
casting,1
voidness,1
tingle,1
stormy,1
odd,1
closes,1
this—,1
chow-dog,1
hovering,1
ceases,1
splits,1
parchment,1
sculptured,1
cerberus,1
braves,1
incenses,1
starving,1
didst,1
moves,1
inside,1
grip,1
beam,1
low-voiced,1
nowhere,1
61,1
feats,1
divide—,1
snowdrops,1
hoar-snooded,1
army,1
wrapped,1
raptured,1
count,1
ov,1
inmost,1
chiefest,1
candid,1
anointed,1
sea-bloom,1
bitterly,1
lineament,1
tafnuit,1
urge,1
treachery,1
snows,1
mettle,1
torches,1
braved,1
seeming,1
traced,1
recommend,1
over-bitter,1
tremor,1
vials,1
instead,1
dew-washed,1
fleetest,1
hyena,1
brightly,1
ivory,1
a-dazzle,1
25,1
hermes,1
whorl,1
unfragrant,1
meadow-lands,1
thunder—fatal,1
hunger,1
reverberated,1
veritable,1
deep-boled,1
bushes,1
dead-ripe,1
settled,1
jove,1
crests,1
plumbs,1
117,1
135,1
wind—nor,1
151,1
muffling,1
achievement,1
cupid,1
hound,1
fountainous,1
return—the,1
unto,1
exposed,1
watery,1
n.,1
sister,1
plat,1
ceasing,1
arraigning,1
profoundly,1
alofie/brjt,1
gold-crest,1
coarsely,1
rejoices,1
evasive,1
saul,1
whelmed,1
indeed,1
magical,1
listens,1
die—,1
bury,1
yore,1
significant,1
scorn,1
favour,1
remains,1
lapis-lazuli,1
daisy-flowered,1
birthright,1
second,1
night-stocks,1
pattering,1
undistractedly,1
quenching,1
'neath,1
tropes,1
victories,1
sham,1
steeps,1
spreadeth,1
nectarine,1
ostia,1
51,1
droppings,1
bee,1
stead,1
jewels,1
pluto,1
unencumbered,1
thrice,1
mournful,1
sleeve,1
chaotic,1
incantations,1
insolence,1
malice,1
attaining,1
see—,1
primrose-springing,1
12,1
stilly,1
cinders,1
scanning,1
realm,1
styx,1
riches,1
action,1
vales,1
baffled,1
quicken,1
turmoil,1
deity,1
pats,1
blueness,1
assails,1
—of,1
tarry,1
yap,1
meadow,1
sweep,1
streamlet,1
fairy,1
seize,1
goliath,1
lachesis,1
sang—the,1
finely,1
bidding,1
renounce,1
unrolling,1
simply,1
places,1
tyrant,1
55,1
clasped,1
no»,1
infinitely,1
pet,1
notching—,1
leaning,1
chasm,1
blazes,1
bleak,1
honey-bees,1
faculties,1
thee—for,1
assured,1
thames,1
sirenusa,1
hawk,1
probe,1
doorstep,1
dimpling,1
goodly,1
immure,1
timbrel,1
spindle,1
down-bent,1
heel,1
clear-burning,1
framed,1
blois,1
kinds,1
unwooed,1
drunk,1
transient,1
thyrsus,1
changing,1
ago,1
23,1
—[all,1
onset,1
bowers,1
lithe,1
disillusion,1
brute,1
89,1
sweeping,1
birt,1
reconciliations,1
entwisted,1
learns,1
lighten,1
clustering,1
scouring,1
(,1
unbuilt,1
lifetime,1
seeds,1
69,1
nought,1
seventy,1
ken,1
et,1
relics,1
drought,1
-.,1
orchestral,1
longing,1
congregated,1
phantom,1
questioning,1
ambergris,1
never-thwarted,1
thanks,1
drag,1
shootlets,1
re-adjusts,1
swarming,1
telling,1
shuddering,1
zeus—a,1
imaginations,1
clutching,1
prophecies,1
verses,1
affiance,1
core,1
control,1
hie,1
anew,1
fellows,1
t,1
loud,1
cavernous,1
thyrse,1
touches,1
soft-footed,1
solid,1
jay,1
119,1
mated,1
to-night,1
heaviness,1
finger-tips,1
bickered,1
furrily,1
85,1
season,1
clove,1
vibrant,1
reason,1
dearer,1
innumerably,1
105,1
illudes,1
aye—,1
potent,1
sunken,1
converse,1
travel,1
deeds,1
disdainful,1
kingdoms,1
moans,1
unknot,1
aged,1
begone,1
press,1
curses,1
teach,1
silvering,1
soulless,1
theatre—a,1
malachite,1
rolls,1
remorseless,1
bosoms,1
prodigal,1
naught,1
hid,1
roving,1
tide-pools,1
sing—,1
vaults,1
exhilarating,1
orbit,1
foamest,1
reflect,1
soufriere,1
station,1
curtain,1
fallen,1
confident,1
exile,1
scorching,1
wrings,1
towers,1
emerald,1
wounds,1
rung,1
caresses,1
veilless,1
terrors,1
venomed,1
crossing,1
community,1
heap,1
damon,1
currents,1
tortured,1
cubs,1
champion,1
ivy,1
lilied,1
lure,1
struck,1
visionary,1
emergent,1
.in.the,1
proserpina,1
elf,1
search,1
anemone,1
spirt,1
written,1
hot-breathed,1
shattereth,1
palpitate,1
burying,1
cheer,1
tissues,1
branching,1
lashing,1
embroil,1
feeling,1
grasp,1
?>t,1
glittering,1
roamed,1
vanishest,1
perseveres,1
vanquished,1
wisdom,1
sirens,1
gross,1
tank,1
crost,1
ass,1
untenanted,1
disgrace,1
vagueness,1
further,1
slave,1
rigid,1
siren,1
deliver,1
!—there,1
tois,1
splendid,1
pity,1
opens,1
indian,1
nearer,1
makes,1
cluster,1
brimful,1
supprest,1
homely,1
yields,1
sake,1
prowess,1
plough,1
oar,1
in—the,1
forest-led,1
breastplate,1
yellow,1
is—of,1
thwarted,1
spikes,1
deathless,1
fated,1
manifest,1
sunbeam,1
ear,1
babe,1
tinging,1
paces,1
falleth,1
got,1
uninhabited,1
wrongs,1
fearless,1
goats,1
law,1
tired,1
a-quiver,1
finds,1
holden,1
distinct,1
tints,1
depression,1
177,1
bright-tinted,1
flashes,1
slacken,1
aimless,1
jewelled,1
basket-flowers,1
providence,1
fir-tree,1
sights,1
journeying,1
shorter,1
foes,1
alluring,1
suns,1
coffin,1
hustle,1
95,1
run,1
nerve,1
recrossing,1
history,1
curl,1
faun,1
undisturbed,1
iacchus,1
roses—laughing,1
order,1
vessel,1
monarch,1
welter,1
"small,",1
ornament,1
distantly,1
losing,1
conflagration,1
fulness,1
superstitious,1
entreaty,1
pondered,1
mockingly,1
wraps,1
deep-toned,1
talk,1
taintless,1
lulled,1
north,1
following,1
fetlock,1
dimming,1
serpent-way,1
spectral,1
trouble,1
torrent-bed,1
circle,1
den,1
jagged,1
spill,1
journey,1
solidly,1
apparition,1
clusters,1
loyalty,1
requires,1
unwooing,1
115,1
untangled,1
spirit-chariot,1
fugitive,1
minds,1
element,1
slaughter,1
plashes,1
unmirrored,1
deep-blooded,1
purity,1
borders,1
moths,1
nativity,1
wood-dove,1
evermore,1
unclose,1
steady,1
sundering,1
steep,1
understood,1
vantage,1
loose,1
lovest,1
rapture,1
plant,1
irktiuiv,1
effort,1
founts,1
175,1
poplar,1
crucifix,1
oblation,1
flinch,1
dahlia,1
twittering,1
zephyr,1
fringing,1
gorgeous,1
injurious,1
lapse,1
!—if,1
rebuke,1
princess,1
cuckoo-shout,1
sage,1
staring,1
piece,1
ilex,1
acacia,1
impulse,1
hillside,1
beheld,1
hyacinth,1
gazes,1
apollo!,1
best,1
comforting,1
quick-dropping,1
sate,1
top,1
freshly,1
overt,1
lovers,1
vineyards,1
believe,1
lustier,1
heinous,1
musings,1
dissolute,1
cedar-coffer,1
plot,1
measured,1
requite,1
doze,1
ravishing,1
kisses,1
woodbine,1
hinders,1
&,1
marble,1
purpose,1
thou—the,1
despite,1
defend,1
begun,1
befall,1
—'tis,1
alert,1
amazing,1
nilus,1
dipping,1
glass,1
ceased,1
43,1
thick-spikod,1
working,1
dodona,1
obscurity,1
phcenix,1
wavering,1
157,1
briar-caught,1
mercy,1
conceived,1
shading,1
saturn,1
affrighted,1
re-light,1
wife,1
inhuman,1
athirst,1
plaint,1
watchest,1
enthrals,1
answerest,1
define,1
rings,1
amass,1
mien,1
sheen,1
harebells,1
centaurs,1
panoply,1
honeycomb,1
unhaunted,1
furrow,1
limited,1
gate,1
espied,1
life-forgotten,1
famishing,1
ambush,1
stirred,1
storm-pool,1
remembering,1
proud,1
conjecture,1
subtlety,1
star-break,1
suspended,1
chime,1
ruler,1
s.,1
hedgerow,1
songs,1
bowering,1
trance,1
shroud,1
accents,1
breathes,1
discover,1
inviolate,1
ajax,1
sustained,1
others,1
sharper,1
sickness,1
women,1
smoothing,1
utmost,1
plan,1
forgetfulness,1
mourning,1
untwine,1
sea-birds,1
neighbourhood,1
numbering,1
blotting,1
flashing,1
task,1
love:a,1
commands,1
forlorn,1
appetite,1
jealousy,1
twine,1
cruelty,1
fays,1
bracken,1
hither,1
greeting,1
distraught,1
glare,1
lawns,1
79,1
chastisement,1
appearing,1
test,1
spines,1
contrast,1
riding,1
stain,1
civet,1
wearying,1
infamy,1
avernus,1
tyrus,1
worse,1
rumbling,1
rippling,1
springs,1
gargoyles,1
menna,1
93,1
whortles,1
apparent,1
devil,1
blossoming,1
finer,1
dizzy,1
plumage,1
misty,1
;1,1
oars,1
73,1
spat,1
mighty,1
whereon,1
ivy-grot,1
basil,1
pursue,1
potter,1
drest,1
shapeless,1
strict,1
witless,1
substance,1
sunflower,1
aloof—father,1
sheltering,1
smelt,1
snuffling,1
quit,1
unbroken,1
weanling,1
xpovos,1
never-ending,1
wolf,1
afloat,1
glidest,1
lured,1
attica,1
attains,1
dazzle,1
141,1
challenge,1
187,1
debate,1
images,1
poppy,1
sorrel,1
wasted,1
equipage,1
erase,1
tingled,1
guard,1
simpler,1
harpocrates,1
certitude,1
crag-tops,1
appear,1
spun,1
suck,1
sit,1
plumy,1
cups,1
blue-tinctured,1
food,1
hark,1
either,1
shaft,1
harbinger,1
spies,1
»,1
eastern,1
orient,1
tend,1
overtake,1
lonesomeness,1
tarried,1
robes,1
frenzy,1
unwarmed,1
river-room,1
sob,1
write,1
long-buried,1
trot,1
voluminous,1
103,1
coat,1
tutelary,1
descending,1
festa,1
slid,1
erebus-black,1
jar,1
tail,1
transform,1
multitudinous,1
neither,1
seaward,1
passions,1
bounced,1
zest,1
magician,1
carried,1
wild-flowers,1
camellias,1
bosomed,1
jerks,1
mourner,1
answers,1
youngling,1
dirge-like,1
rut,1
stretched,1
agnes,1
maenads,1
transcend,1
153,1
asmona^an,1
armies,1
pinion,1
tumu,1
lindens,1
nectar,1
seedy,1
wet-fanged,1
maytime,1
cup,1
frank,1
roosted,1
illusions,1
sweet-smelling,1
stem,1
wayward,1
dissolves,1
stop,1
longer,1
!—yet,1
thrums,1
revolves,1
river-night,1
receives,1
coasts,1
removed,1
remit,1
miser,1
ourselves,1
vanishing,1
waking,1
spelled,1
shivering,1
unembarrassed,1
flare,1
plague,1
fishermen,1
".""",1
cherry-tree,1
mound,1
iris-bed,1
rescued,1
shrines,1
takes,1
friend,1
mock,1
injured,1
sumptuously,1
furl,1
plucked,1
visitings,1
isis,1
cuddles,1
ruffling,1
lave,1
blushing,1
75,1
confluence,1
regally,1
dazzled,1
alcove,1
ruth,1
paradise,1
relieves,1
fane,1
garner,1
madonna,1
orpheus,1
corner,1
poisonous,1
seldom,1
subdued,1
apple,1
giant,1
conceives,1
thistle,1
england,1
net,1
conclave,1
lulling,1
arcadia,1
forest-tree,1
arise,1
slow-biting,1
rooks,1
grot,1
unladen,1
lowest,1
finding,1
clustered,1
forehead,1
